[
{
  "model": "sessions.session",
  "pk": "14c4xv1yo9q2qmcpctm4uwi5kb2ea9hi",
  "fields": {
    "session_data": ".eJxVjEEOwiAQRe_C2pDSGbS4dO8ZyDADUjWQlHZlvLuSdKHb_977L-VpW7PfWlz8LOqsUB1-t0D8iKUDuVO5Vc21rMscdFf0Tpu-VonPy-7-HWRqudfiAp4kgMGQgJjQDgMxRAPi2KIkcAYmw4I4GcejmORGtl-TjtFa9f4AAEI4gA:1uJre3:P1awqU9dz-ihCdCJ5mBML8QQ90nWrsVVwhEeWihQTjc",
    "expire_date": "2025-06-10T10:34:55.774Z"
  }
},
{
  "model": "sessions.session",
  "pk": "5kq3gjyse3fblf2wsjfrj5z7brzad6op",
  "fields": {
    "session_data": ".eJxVjDkOwjAURO_iGlmOjTdKes5g_S04gBIpTirE3UmkFDDlvDfzVgXWpZa1yVwGVheV1Om3Q6CnjDvgB4z3SdM0LvOAelf0QZu-TSyv6-H-HVRodVv3SELA2dgIMbqzd10IhphjTiakLjsU1_stkp0DwgAGrVhAIuMTq88X7xA4MQ:1uJoWb:XsMutYfDFH2xZU-eR9bBuGZsTsVc4zBCz5e7NTq3OTg",
    "expire_date": "2025-06-10T07:15:01.879Z"
  }
},
{
  "model": "sessions.session",
  "pk": "7anw40tq4kwb0i1g9h2p3ot236vrqibb",
  "fields": {
    "session_data": ".eJxVjEEOwiAQRe_C2pDSGbS4dO8ZyDADUjWQlHZlvLuSdKHb_977L-VpW7PfWlz8LOqsUB1-t0D8iKUDuVO5Vc21rMscdFf0Tpu-VonPy-7-HWRqudfiAp4kgMGQgJjQDgMxRAPi2KIkcAYmw4I4GcejmORGtl-TjtFa9f4AAEI4gA:1ucfvS:zb1fRzz1ZfIQXg4cOMxzkbfqD7XA8YhBZ38rNriFR9M",
    "expire_date": "2025-08-01T07:54:38.028Z"
  }
},
{
  "model": "sessions.session",
  "pk": "9pvmktofwcb8gfcpldpd8i56oto7ysh9",
  "fields": {
    "session_data": ".eJxVjEEOwiAQRe_C2pDSGbS4dO8ZyDADUjWQlHZlvLuSdKHb_977L-VpW7PfWlz8LOqsUB1-t0D8iKUDuVO5Vc21rMscdFf0Tpu-VonPy-7-HWRqudfiAp4kgMGQgJjQDgMxRAPi2KIkcAYmw4I4GcejmORGtl-TjtFa9f4AAEI4gA:1uMgF2:M5ROFxqUXNSF5cld2k75VpIRuwxB7L9VKGo8IhJwwDw",
    "expire_date": "2025-06-18T05:00:44.773Z"
  }
},
{
  "model": "sessions.session",
  "pk": "a2e3em3sqpaaq3k76o57i6tlpvat9reg",
  "fields": {
    "session_data": ".eJxVjEEOwiAQRe_C2hBgioBL9z1Dw8yAVA0kpV0Z765NutDtf-_9l5jitpZp62mZZhYX4cTpd8NIj1R3wPdYb01Sq-syo9wVedAux8bpeT3cv4MSe_nWwDHoZJN3FBARwHsyGbLllGnQrIwJYIZMGBSgtzYTsHPeaoVnQBTvD_29ODs:1uWUML:uZvaLvOWCErWPlAZRNJZ3cYw3Vzj8EGyBQoZKssFZSQ",
    "expire_date": "2025-07-15T06:20:49.839Z"
  }
},
{
  "model": "sessions.session",
  "pk": "dvqsois7o4j3vmwmezdhbzmh9sck8e59",
  "fields": {
    "session_data": ".eJxVjEEOwiAQRe_C2pApA0xw6d4zkKEDUjU0Ke3KeHdt0oVu_3vvv1Tkba1x63mJk6izGtTpd0s8PnLbgdy53WY9zm1dpqR3RR-06-ss-Xk53L-Dyr1-a2Lrc6aCyBlMwRASiANHJEYoGGBIlh2QZ_FFTPEWgyUUlAHYBPX-ANzeN2w:1uHz2V:Ie_wt3cxX5vjlBMclS3I2oIFd4xpCvcvMxg0gbmCjfE",
    "expire_date": "2025-06-05T06:04:23.576Z"
  }
},
{
  "model": "sessions.session",
  "pk": "k4ecaz0nedl5kcfci17977quallng7p0",
  "fields": {
    "session_data": ".eJxVjEEOwiAQRe_C2pDSGbS4dO8ZyDADUjWQlHZlvLuSdKHb_977L-VpW7PfWlz8LOqsUB1-t0D8iKUDuVO5Vc21rMscdFf0Tpu-VonPy-7-HWRqudfiAp4kgMGQgJjQDgMxRAPi2KIkcAYmw4I4GcejmORGtl-TjtFa9f4AAEI4gA:1uN3Gu:Hn63r60uFY8ZrKQwr0VDhseJ5Ql6F6mhL02npIbd78g",
    "expire_date": "2025-06-19T05:36:12.148Z"
  }
},
{
  "model": "sessions.session",
  "pk": "l8b743gl1rf7u89c7m5zr983wx71marj",
  "fields": {
    "session_data": "e30:1vprYw:dV85kCsq6oArBMlvKweecO2NPUtETcWyWphIpgz30Mc",
    "expire_date": "2026-02-24T17:30:10.019Z"
  }
},
{
  "model": "sessions.session",
  "pk": "mb0qpnpl2ig9igzkzvt5ejqywy2hiacs",
  "fields": {
    "session_data": ".eJxVjEEOwiAQRe_C2pDSGbS4dO8ZyDADUjWQlHZlvLuSdKHb_977L-VpW7PfWlz8LOqsUB1-t0D8iKUDuVO5Vc21rMscdFf0Tpu-VonPy-7-HWRqudfiAp4kgMGQgJjQDgMxRAPi2KIkcAYmw4I4GcejmORGtl-TjtFa9f4AAEI4gA:1uMiHA:bl-RJaaMWt1B5OUNvc04uQodJ1UNrSOKoy-Z7yA57hw",
    "expire_date": "2025-06-18T07:11:04.104Z"
  }
},
{
  "model": "sessions.session",
  "pk": "mv13cbawenj9h6bqca5x5uha26eyb5uf",
  "fields": {
    "session_data": ".eJxVkMFugzAQRP_FZ4RsbAzOsfd-QVWhtXcT3KZ2C3aqCPHvNZAeclvtvh3NzMLm6DxcwbmYQxrmBIlmdlrWiv3vIKeRQvIOko9h-KI0RizM28KOmZ2eVVj5Tewkuk4poVsu6ka3xui2Yt9TvHmkqbxcYrxcqbDZbwqCKykbZUQnO9XKlpdRsPW9YruBIc80DQdp2NPSgvuksF3wA8Il1i6GNHlbb0j9uM71a0S6vjzYJ4ER5nHTFZZs53roURtpCPUZobO94Rw1qV4qgWSt6oXmllvsi00psG3AnYlQFVGb70OIv6W_LSlml3bLomI3mPzRn9-7aypTov1kKMWme0HW9Q9cDYH3:1w5GoZ:J8YKBk3Fg277jpxNh_RjiACSuz_fUzeFfSduFfJn07k",
    "expire_date": "2026-04-08T05:29:59.213Z"
  }
},
{
  "model": "sessions.session",
  "pk": "pbaypzqy7wio2r49sho0dvu88xoh1xlu",
  "fields": {
    "session_data": ".eJxVjEEOwiAQRe_C2hBgioBL9z1Dw8yAVA0kpV0Z765NutDtf-_9l5jitpZp62mZZhYX4cTpd8NIj1R3wPdYb01Sq-syo9wVedAux8bpeT3cv4MSe_nWwDHoZJN3FBARwHsyGbLllGnQrIwJYIZMGBSgtzYTsHPeaoVnQBTvD_29ODs:1uJrb0:jpS8gvx0VFQQWcgWF_ffPYF0fHLkTA-IFap8DVKoF-I",
    "expire_date": "2025-06-10T10:31:46.253Z"
  }
},
{
  "model": "sessions.session",
  "pk": "pxboihiqw4mrxism2ryy02v5oz1k1jke",
  "fields": {
    "session_data": ".eJxVjEEOwiAQRe_C2pDSGbS4dO8ZyDADUjWQlHZlvLuSdKHb_977L-VpW7PfWlz8LOqsUB1-t0D8iKUDuVO5Vc21rMscdFf0Tpu-VonPy-7-HWRqudfiAp4kgMGQgJjQDgMxRAPi2KIkcAYmw4I4GcejmORGtl-TjtFa9f4AAEI4gA:1udX1u:ts3b7dx1XD05KeP10gXEz55cE_Bky0ODIZLl0a6xnGU",
    "expire_date": "2025-08-03T16:36:50.194Z"
  }
},
{
  "model": "sessions.session",
  "pk": "qss4gogr2bakwrhnf002108isru47kpx",
  "fields": {
    "session_data": "e30:1uZjoV:xLOhTDd2sPKS3YV4ufkNAN4mA0DHRCoo5YkbYceWs3w",
    "expire_date": "2025-07-24T05:27:19.978Z"
  }
},
{
  "model": "sessions.session",
  "pk": "srbpx2dt2u9gy3tirfmvrsxuf3ehb85h",
  "fields": {
    "session_data": ".eJxVjEEOwiAQRe_C2pDSGbS4dO8ZyDADUjWQlHZlvLuSdKHb_977L-VpW7PfWlz8LOqsUB1-t0D8iKUDuVO5Vc21rMscdFf0Tpu-VonPy-7-HWRqudfiAp4kgMGQgJjQDgMxRAPi2KIkcAYmw4I4GcejmORGtl-TjtFa9f4AAEI4gA:1uMjqH:JMvN5edS-9YhxTHkscj50jpsr5rUObZI1ns3A3vKJqQ",
    "expire_date": "2025-06-18T08:51:25.075Z"
  }
},
{
  "model": "sessions.session",
  "pk": "tna37lwa14vyismd3xu4ut0ye5o6w1ym",
  "fields": {
    "session_data": "e30:1ueREQ:YOz09Xxjp4fxBuiaR4DU8_t4Py788dldx73viHbOIbQ",
    "expire_date": "2025-08-06T04:37:30.353Z"
  }
},
{
  "model": "sessions.session",
  "pk": "tnqvjkjh6ksyx6fwkntwb3vtny8k7esl",
  "fields": {
    "session_data": "e30:1uROl5:o-U9Z2AqaK6FXk0MGIKnbMTI2A3V0kmS_V2Eq6Snpr4",
    "expire_date": "2025-07-01T05:21:19.225Z"
  }
},
{
  "model": "sessions.session",
  "pk": "xsn4v78cv3s6k0e83tnsu5h2nz1ewhw7",
  "fields": {
    "session_data": ".eJxVjk1vhCAURf8La2NEBlFXTZOmq6aL7to0BB6ozCgYPmbSGP97sZ3NbN-597y7oeDAiFkAuGQjD1FEHVC_ofOHWV7V-Pnub_jlOibUf21o9Q50yBzNbjQWFUiJKFBv0zwXaL2A5uCU5lftzWC0_yd7gVnT1Q1tKCsxprjF33uBwNkoIGbZ6rNlDcaOk2oa-jQuwswluCU_4CLFiaegPTcqZ9njTQq4aHsAdRZ2dOVh9UaWR6S801C-5VXz8z37IJhEmHKbKNFhTXXLoJNSEtK2UA9koEoPcMKqquuO1KcBZFcR2VI6AFGMtRRXsiFSZqlMP9y6GzdRL39bcYX3XyBWdkw:1vjetQ:UOOUwYlWcUxHUU6yWdOTDeY7T0yEkqsBdLmzbt4OzdU",
    "expire_date": "2026-02-07T14:45:40.869Z"
  }
},
{
  "model": "sessions.session",
  "pk": "z42cth4q1fi7uysnz13tno5tzaukauvv",
  "fields": {
    "session_data": ".eJxVjEEOwiAQRe_C2pDSGbS4dO8ZyDADUjWQlHZlvLuSdKHb_977L-VpW7PfWlz8LOqsUB1-t0D8iKUDuVO5Vc21rMscdFf0Tpu-VonPy-7-HWRqudfiAp4kgMGQgJjQDgMxRAPi2KIkcAYmw4I4GcejmORGtl-TjtFa9f4AAEI4gA:1uWqHc:eQnUbjTeQx5KS-X8Ahr0Q8AOpFeZ48HLEQFYhLDNfE0",
    "expire_date": "2025-07-16T05:45:24.272Z"
  }
},
{
  "model": "sessions.session",
  "pk": "zdounuuxdeccbnpxuet7qnc31icqg6gj",
  "fields": {
    "session_data": ".eJxVjEEOwiAQRe_C2pApA0xw6d4zkKEDUjU0Ke3KeHdt0oVu_3vvv1Tkba1x63mJk6izGtTpd0s8PnLbgdy53WY9zm1dpqR3RR-06-ss-Xk53L-Dyr1-a2Lrc6aCyBlMwRASiANHJEYoGGBIlh2QZ_FFTPEWgyUUlAHYBPX-ANzeN2w:1uJQ3n:oRaYPFU6jA58VkgQ76_6QClfSxC2m8wu9gavFjyl6mI",
    "expire_date": "2025-06-09T05:07:39.571Z"
  }
},
{
  "model": "category.category",
  "pk": 1,
  "fields": {
    "category_name": "Shirts",
    "slug": "shirts",
    "description": "Shirts",
    "cat_image": ""
  }
},
{
  "model": "category.category",
  "pk": 2,
  "fields": {
    "category_name": "Jeans",
    "slug": "jeans",
    "description": "",
    "cat_image": ""
  }
},
{
  "model": "category.category",
  "pk": 3,
  "fields": {
    "category_name": "T-Shirt",
    "slug": "t-shirt",
    "description": "",
    "cat_image": ""
  }
},
{
  "model": "category.category",
  "pk": 4,
  "fields": {
    "category_name": "Shoes",
    "slug": "shoes",
    "description": "",
    "cat_image": ""
  }
},
{
  "model": "category.category",
  "pk": 5,
  "fields": {
    "category_name": "Jackets",
    "slug": "jackets",
    "description": "",
    "cat_image": ""
  }
},
{
  "model": "category.category",
  "pk": 6,
  "fields": {
    "category_name": "Shorts",
    "slug": "shorts",
    "description": "",
    "cat_image": ""
  }
},
{
  "model": "category.category",
  "pk": 7,
  "fields": {
    "category_name": "Backpack",
    "slug": "backpack",
    "description": "",
    "cat_image": ""
  }
},
{
  "model": "category.category",
  "pk": 8,
  "fields": {
    "category_name": "Laptop Cover",
    "slug": "laptop-case",
    "description": "",
    "cat_image": ""
  }
},
{
  "model": "category.category",
  "pk": 9,
  "fields": {
    "category_name": "Chair",
    "slug": "chair",
    "description": "",
    "cat_image": ""
  }
},
{
  "model": "category.category",
  "pk": 10,
  "fields": {
    "category_name": "Smart-Watch",
    "slug": "smart-watch",
    "description": "",
    "cat_image": ""
  }
},
{
  "model": "category.category",
  "pk": 11,
  "fields": {
    "category_name": "Earphones",
    "slug": "earphones",
    "description": "",
    "cat_image": ""
  }
},
{
  "model": "category.category",
  "pk": 12,
  "fields": {
    "category_name": "Headphones",
    "slug": "headphones",
    "description": "",
    "cat_image": ""
  }
},
{
  "model": "category.category",
  "pk": 13,
  "fields": {
    "category_name": "Electronics",
    "slug": "electronics",
    "description": "",
    "cat_image": ""
  }
},
{
  "model": "category.category",
  "pk": 14,
  "fields": {
    "category_name": "Camera",
    "slug": "camera",
    "description": "",
    "cat_image": ""
  }
},
{
  "model": "accounts.account",
  "fields": {
    "password": "pbkdf2_sha256$1000000$cAf0kICgrPLgWHazGq3DOC$qgF4mPasp6ugNuO/Ftx56keAgLMKuV7NhkDa0k6f1yU=",
    "role": "Admin",
    "first_name": "dhananjay",
    "last_name": "singh",
    "username": "root",
    "email": "root@gmail.com",
    "phone_number": "9997863901",
    "date_joined": "2025-05-27T05:56:14.958Z",
    "last_login": "2025-07-18T07:54:38.022Z",
    "is_admin": true,
    "is_staff": true,
    "is_superuser": true,
    "is_active": true,
    "is_superadmin": true,
    "groups": [],
    "user_permissions": []
  }
},
{
  "model": "accounts.account",
  "fields": {
    "password": "pbkdf2_sha256$1000000$IjmqmnwgdD4mvclmiC3Wl2$y/0PZmlnuv7YDMnQcNVZZ4TMTVAIYCjpRjKQrPPRZOs=",
    "role": "Customer",
    "first_name": "Dhananjay",
    "last_name": "Pratap Singh",
    "username": "pratapsinghd665",
    "email": "pratapsinghd665@gmail.com",
    "phone_number": "9997863901",
    "date_joined": "2025-05-27T07:05:40.958Z",
    "last_login": "2026-01-24T14:42:31.930Z",
    "is_admin": false,
    "is_staff": false,
    "is_superuser": false,
    "is_active": true,
    "is_superadmin": false,
    "groups": [],
    "user_permissions": []
  }
},
{
  "model": "accounts.account",
  "fields": {
    "password": "pbkdf2_sha256$1000000$FkuuOXVmhZjvPlIMWjPaEP$4r2a0/0xqsAf7TkOqacpeFXInBwZ7DwrnuCFYEF6nyk=",
    "role": "Seller",
    "first_name": "Dhananjay",
    "last_name": "Pratap Singh",
    "username": "pratapdhananjay738",
    "email": "pratapdhananjay738@gmail.com",
    "phone_number": "9997863901",
    "date_joined": "2025-06-30T11:55:15.722Z",
    "last_login": "2025-07-01T06:32:01.805Z",
    "is_admin": false,
    "is_staff": false,
    "is_superuser": false,
    "is_active": true,
    "is_superadmin": false,
    "groups": [],
    "user_permissions": []
  }
},
{
  "model": "accounts.account",
  "fields": {
    "password": "pbkdf2_sha256$1000000$YUSe14744LegtFaXbrL3Xw$n5SFqt1gGFUE5B6hVt+8FKZNdYHgUHJaIArQt5GBCNc=",
    "role": "Seller",
    "first_name": "Dhananjay",
    "last_name": "Pratap Singh",
    "username": "pratapd1303",
    "email": "pratapd1303@gmail.com",
    "phone_number": "09997863901",
    "date_joined": "2025-07-01T05:35:18.913Z",
    "last_login": "2025-07-01T05:35:18.913Z",
    "is_admin": false,
    "is_staff": false,
    "is_superuser": false,
    "is_active": true,
    "is_superadmin": false,
    "groups": [],
    "user_permissions": []
  }
},
{
  "model": "accounts.account",
  "fields": {
    "password": "!0bYqFMIufRiKcDQ3dE6p0yME9HXKSSew14KMUYQz",
    "role": "Customer",
    "first_name": "Dhananjay",
    "last_name": "Pratap Singh",
    "username": "",
    "email": "",
    "phone_number": "9997863901",
    "date_joined": "2025-07-08T06:09:38.963Z",
    "last_login": "2026-03-25T05:28:21.296Z",
    "is_admin": false,
    "is_staff": false,
    "is_superuser": false,
    "is_active": true,
    "is_superadmin": false,
    "groups": [],
    "user_permissions": []
  }
},
{
  "model": "accounts.userprofile",
  "pk": 5,
  "fields": {
    "user": [
      "pratapsinghd665@gmail.com"
    ],
    "address_line_1": "",
    "address_line_2": "",
    "profile_picture": "userprofile/2.jpg",
    "city": "",
    "state": "",
    "country": ""
  }
},
{
  "model": "accounts.userprofile",
  "pk": 7,
  "fields": {
    "user": [
      "root@gmail.com"
    ],
    "address_line_1": "",
    "address_line_2": "",
    "profile_picture": "default/default-user.png",
    "city": "",
    "state": "",
    "country": ""
  }
},
{
  "model": "accounts.userprofile",
  "pk": 8,
  "fields": {
    "user": [
      "pratapdhananjay738@gmail.com"
    ],
    "address_line_1": "",
    "address_line_2": "",
    "profile_picture": "",
    "city": "",
    "state": "",
    "country": ""
  }
},
{
  "model": "accounts.userprofile",
  "pk": 10,
  "fields": {
    "user": [
      "pratapd1303@gmail.com"
    ],
    "address_line_1": "",
    "address_line_2": "",
    "profile_picture": "default/default-user.png",
    "city": "",
    "state": "",
    "country": ""
  }
},
{
  "model": "accounts.userprofile",
  "pk": 11,
  "fields": {
    "user": [
      ""
    ],
    "address_line_1": "",
    "address_line_2": "",
    "profile_picture": "userprofile/photo.jpg",
    "city": "",
    "state": "",
    "country": ""
  }
},
{
  "model": "accounts.useraddress",
  "pk": 2,
  "fields": {
    "user": [
      "root@gmail.com"
    ],
    "full_name": "Dhananjay Singh",
    "phone": "9997863901",
    "address_line_1": "Chitrakoot Sharma PG",
    "address_line_2": "9D/190, Chitrakoot",
    "city": "Jaipur",
    "state": "Rajasthan",
    "country": "India",
    "postal_code": "302021",
    "is_default": false,
    "created_at": "2025-07-04T11:51:46.210Z"
  }
},
{
  "model": "accounts.useraddress",
  "pk": 27,
  "fields": {
    "user": [
      "pratapsinghd665@gmail.com"
    ],
    "full_name": "Dhananjay Pratap Singh",
    "phone": "9997863901",
    "address_line_1": "Keshav Vihar Colony, Dhanipur, Aligarh",
    "address_line_2": "",
    "city": "Aligarh",
    "state": "uttar-pradesh",
    "country": "india",
    "postal_code": "202001",
    "is_default": false,
    "created_at": "2025-07-08T08:41:25.142Z"
  }
},
{
  "model": "accounts.useraddress",
  "pk": 30,
  "fields": {
    "user": [
      "pratapsinghd665@gmail.com"
    ],
    "full_name": "Madhav",
    "phone": "9149252033",
    "address_line_1": "RBS College",
    "address_line_2": "Bichpuri",
    "city": "Agra",
    "state": "uttar-pradesh",
    "country": "india",
    "postal_code": "283105",
    "is_default": true,
    "created_at": "2025-07-08T09:20:24.493Z"
  }
},
{
  "model": "accounts.useraddress",
  "pk": 35,
  "fields": {
    "user": [
      ""
    ],
    "full_name": "Dhananjay Pratap Singh",
    "phone": "9997863901",
    "address_line_1": "Keshav Vihar Colony",
    "address_line_2": "Dhanipur",
    "city": "Aligarh",
    "state": "uttar-pradesh",
    "country": "india",
    "postal_code": "202001",
    "is_default": false,
    "created_at": "2025-07-08T11:01:02.882Z"
  }
},
{
  "model": "accounts.useraddress",
  "pk": 36,
  "fields": {
    "user": [
      ""
    ],
    "full_name": "Dhananjay Pratap Singh",
    "phone": "9997863901",
    "address_line_1": "Chitrakoot Sharma PG",
    "address_line_2": "9D/190, Chitrakoot",
    "city": "Jaipur",
    "state": "rajasthan",
    "country": "india",
    "postal_code": "302021",
    "is_default": true,
    "created_at": "2025-07-08T11:01:16.282Z"
  }
},
{
  "model": "accounts.useraddress",
  "pk": 37,
  "fields": {
    "user": [
      ""
    ],
    "full_name": "Dhananjay Pratap Singh",
    "phone": "9997863901",
    "address_line_1": "Keshav Vihar Colony, Dhanipur, Aligarh",
    "address_line_2": "",
    "city": "Aligarh",
    "state": "uttar-pradesh",
    "country": "india",
    "postal_code": "202001",
    "is_default": false,
    "created_at": "2025-07-08T11:04:12.223Z"
  }
},
{
  "model": "accounts.useraddress",
  "pk": 38,
  "fields": {
    "user": [
      "root@gmail.com"
    ],
    "full_name": "Dhananjay Pratap Singh",
    "phone": "9997863901",
    "address_line_1": "Keshav Vihar Colony, Dhanipur, Aligarh",
    "address_line_2": "",
    "city": "Aligarh",
    "state": "uttar-pradesh",
    "country": "india",
    "postal_code": "202001",
    "is_default": true,
    "created_at": "2025-07-09T06:09:54.475Z"
  }
},
{
  "model": "accounts.useraddress",
  "pk": 39,
  "fields": {
    "user": [
      "pratapsinghd665@gmail.com"
    ],
    "full_name": "Dhananjay Pratap Singh",
    "phone": "9997863901",
    "address_line_1": "Chitrakoot Sharma PG",
    "address_line_2": "9D/190, Chitrakoot",
    "city": "Jaipur",
    "state": "rajasthan",
    "country": "india",
    "postal_code": "302021",
    "is_default": false,
    "created_at": "2025-07-09T06:44:46.255Z"
  }
},
{
  "model": "store.product",
  "pk": 1,
  "fields": {
    "product_name": "ATX Jeans",
    "slug": "atx-jeans",
    "description": "Lorem, ipsum dolor sit amet consectetur adipisicing elit. Quaerat, recusandae.",
    "price": 2000,
    "images": "photos/products/ATX-Jeans_UWQhpIz.jpg",
    "stock": -9,
    "is_available": true,
    "category": 2,
    "created_date": "2025-05-21T10:50:32.507Z",
    "modified_date": "2025-07-08T11:29:34.824Z"
  }
},
{
  "model": "store.product",
  "pk": 2,
  "fields": {
    "product_name": "Great T-Shirt",
    "slug": "great-t-shirt",
    "description": "Lorem, ipsum dolor sit amet consectetur adipisicing elit. Quaerat, recusandae.",
    "price": 400,
    "images": "photos/products/Great-Tshirt.jpg",
    "stock": 5,
    "is_available": true,
    "category": 3,
    "created_date": "2025-05-21T10:51:44.609Z",
    "modified_date": "2025-07-08T11:26:54.702Z"
  }
},
{
  "model": "store.product",
  "pk": 3,
  "fields": {
    "product_name": "RXN Blue Shirt",
    "slug": "rxn-blue-shirt",
    "description": "Lorem, ipsum dolor sit amet consectetur adipisicing elit. Quaerat, recusandae.",
    "price": 1499,
    "images": "photos/products/Blue-Shirt.jpg",
    "stock": 7,
    "is_available": true,
    "category": 1,
    "created_date": "2025-05-21T10:52:47.206Z",
    "modified_date": "2025-07-04T11:04:39.299Z"
  }
},
{
  "model": "store.product",
  "pk": 4,
  "fields": {
    "product_name": "Mavi Jeans",
    "slug": "mavi-jeans",
    "description": "Lorem, ipsum dolor sit amet consectetur adipisicing elit. Quaerat, recusandae.",
    "price": 1899,
    "images": "photos/products/Mavi_jeans.jpg",
    "stock": 11,
    "is_available": true,
    "category": 2,
    "created_date": "2025-05-21T10:53:38.375Z",
    "modified_date": "2025-07-04T10:26:41.021Z"
  }
},
{
  "model": "store.product",
  "pk": 5,
  "fields": {
    "product_name": "Jordan Basketball Shoes",
    "slug": "jordan-basketball-shoes",
    "description": "Lorem, ipsum dolor sit amet consectetur adipisicing elit. Quaerat, recusandae.",
    "price": 4999,
    "images": "photos/products/jordan-true-flight-basketball-shoes.jpg",
    "stock": 8,
    "is_available": true,
    "category": 4,
    "created_date": "2025-05-21T10:54:27.332Z",
    "modified_date": "2025-06-02T05:37:27.950Z"
  }
},
{
  "model": "store.product",
  "pk": 6,
  "fields": {
    "product_name": "Puma Ferrari Shoes",
    "slug": "puma-ferrari-shoes",
    "description": "Lorem, ipsum dolor sit amet consectetur adipisicing elit. Quaerat, recusandae.",
    "price": 3999,
    "images": "photos/products/Puma-Ferrari-Shoes.jpg",
    "stock": 15,
    "is_available": true,
    "category": 4,
    "created_date": "2025-05-21T10:55:20.314Z",
    "modified_date": "2025-06-02T05:37:40.869Z"
  }
},
{
  "model": "store.product",
  "pk": 7,
  "fields": {
    "product_name": "US Polo Assn Jacket",
    "slug": "us-polo-assn-jacket",
    "description": "Lorem, ipsum dolor sit amet consectetur adipisicing elit. Quaerat, recusandae.",
    "price": 6999,
    "images": "photos/products/US-Polo-Assn_Jacket.jpg",
    "stock": 18,
    "is_available": true,
    "category": 5,
    "created_date": "2025-05-21T10:56:01.110Z",
    "modified_date": "2025-06-02T05:38:02.584Z"
  }
},
{
  "model": "store.product",
  "pk": 8,
  "fields": {
    "product_name": "Wrangler Shirt",
    "slug": "wrangler-shirt",
    "description": "Lorem, ipsum dolor sit amet consectetur adipisicing elit. Quaerat, recusandae.",
    "price": 499,
    "images": "photos/products/Wrangler-Shirt.jpg",
    "stock": 15,
    "is_available": true,
    "category": 1,
    "created_date": "2025-05-21T10:57:18.157Z",
    "modified_date": "2025-06-02T05:38:18.931Z"
  }
},
{
  "model": "store.product",
  "pk": 9,
  "fields": {
    "product_name": "H&M T-Shirt",
    "slug": "hm-t-shirt",
    "description": "Lorem, ipsum dolor sit amet consectetur adipisicing elit. Quaerat, recusandae.",
    "price": 799,
    "images": "photos/products/1.jpg",
    "stock": 20,
    "is_available": true,
    "category": 3,
    "created_date": "2025-05-21T10:59:17.170Z",
    "modified_date": "2025-06-02T05:38:37.600Z"
  }
},
{
  "model": "store.product",
  "pk": 10,
  "fields": {
    "product_name": "H&M Short",
    "slug": "hm-short",
    "description": "Lorem, ipsum dolor sit amet consectetur adipisicing elit. Quaerat, recusandae.",
    "price": 1299,
    "images": "photos/products/3.jpg",
    "stock": 7,
    "is_available": true,
    "category": 6,
    "created_date": "2025-05-21T11:04:01.814Z",
    "modified_date": "2025-06-02T05:38:51.887Z"
  }
},
{
  "model": "store.product",
  "pk": 11,
  "fields": {
    "product_name": "Raven Bag",
    "slug": "raven-bag",
    "description": "Lorem, ipsum dolor sit amet consectetur adipisicing elit. Quaerat, recusandae.",
    "price": 1499,
    "images": "photos/products/4.jpg",
    "stock": 6,
    "is_available": true,
    "category": 7,
    "created_date": "2025-05-21T11:05:55.142Z",
    "modified_date": "2025-07-01T06:03:33.640Z"
  }
},
{
  "model": "store.product",
  "pk": 12,
  "fields": {
    "product_name": "MacBook Cover",
    "slug": "macbook-cover",
    "description": "Lorem, ipsum dolor sit amet consectetur adipisicing elit. Quaerat, recusandae.",
    "price": 999,
    "images": "photos/products/5.jpg",
    "stock": 7,
    "is_available": true,
    "category": 8,
    "created_date": "2025-05-21T11:06:51.674Z",
    "modified_date": "2025-06-02T05:39:19.533Z"
  }
},
{
  "model": "store.product",
  "pk": 13,
  "fields": {
    "product_name": "Sofa Chair",
    "slug": "sofa-chair",
    "description": "Lorem, ipsum dolor sit amet consectetur adipisicing elit. Quaerat, recusandae.",
    "price": 3999,
    "images": "photos/products/6.jpg",
    "stock": 5,
    "is_available": true,
    "category": 9,
    "created_date": "2025-05-21T11:07:22.274Z",
    "modified_date": "2025-06-02T05:39:39.121Z"
  }
},
{
  "model": "store.product",
  "pk": 14,
  "fields": {
    "product_name": "Apple Smartwatch",
    "slug": "apple-smartwatch",
    "description": "",
    "price": 6999,
    "images": "photos/products/7.jpg",
    "stock": 10,
    "is_available": true,
    "category": 10,
    "created_date": "2025-05-21T11:08:07.894Z",
    "modified_date": "2025-06-02T05:40:01.490Z"
  }
},
{
  "model": "store.product",
  "pk": 15,
  "fields": {
    "product_name": "Apple Earbuds",
    "slug": "apple-earbuds",
    "description": "Lorem, ipsum dolor sit amet consectetur adipisicing elit. Quaerat, recusandae.",
    "price": 8999,
    "images": "photos/products/8.jpg",
    "stock": 15,
    "is_available": true,
    "category": 11,
    "created_date": "2025-05-21T11:09:23.623Z",
    "modified_date": "2025-06-02T05:40:31.879Z"
  }
},
{
  "model": "store.product",
  "pk": 16,
  "fields": {
    "product_name": "Apple Headphones",
    "slug": "apple-headphones",
    "description": "Lorem, ipsum dolor sit amet consectetur adipisicing elit. Quaerat, recusandae.",
    "price": 17999,
    "images": "photos/products/9.jpg",
    "stock": 15,
    "is_available": true,
    "category": 12,
    "created_date": "2025-05-21T11:10:14.916Z",
    "modified_date": "2025-06-02T05:40:43.228Z"
  }
},
{
  "model": "store.product",
  "pk": 17,
  "fields": {
    "product_name": "Weighing Machine",
    "slug": "weighing-machine",
    "description": "Lorem, ipsum dolor sit amet consectetur adipisicing elit. Quaerat, recusandae.",
    "price": 1699,
    "images": "photos/products/10.jpg",
    "stock": 15,
    "is_available": true,
    "category": 13,
    "created_date": "2025-05-21T11:11:00.390Z",
    "modified_date": "2025-06-02T05:40:54.021Z"
  }
},
{
  "model": "store.product",
  "pk": 18,
  "fields": {
    "product_name": "GoPro",
    "slug": "gopro",
    "description": "Lorem, ipsum dolor sit amet consectetur adipisicing elit. Quaerat, recusandae.",
    "price": 39999,
    "images": "photos/products/11.jpg",
    "stock": 14,
    "is_available": true,
    "category": 14,
    "created_date": "2025-05-21T11:11:37.145Z",
    "modified_date": "2025-06-02T05:41:05.418Z"
  }
},
{
  "model": "store.product",
  "pk": 19,
  "fields": {
    "product_name": "High Top Shoes",
    "slug": "high-top-shoes",
    "description": "Lorem, ipsum dolor sit amet consectetur adipisicing elit. Quaerat, recusandae.",
    "price": 2999,
    "images": "photos/products/12.jpg",
    "stock": 15,
    "is_available": true,
    "category": 4,
    "created_date": "2025-05-21T11:14:19.615Z",
    "modified_date": "2025-06-02T05:42:25.271Z"
  }
},
{
  "model": "store.product",
  "pk": 20,
  "fields": {
    "product_name": "Brown Jacket",
    "slug": "brown-jacket",
    "description": "Lorem ipsum dolor sit amet consectetur adipisicing elit. Blanditiis, at!",
    "price": 5999,
    "images": "photos/products/jackets.jpg",
    "stock": 9,
    "is_available": true,
    "category": 5,
    "created_date": "2025-05-21T12:07:44.963Z",
    "modified_date": "2025-06-02T05:42:49.720Z"
  }
},
{
  "model": "store.product",
  "pk": 21,
  "fields": {
    "product_name": "Levi's Jeans",
    "slug": "levis-jeans",
    "description": "Lorem ipsum dolor sit amet consectetur adipisicing elit. Blanditiis, at!",
    "price": 1999,
    "images": "photos/products/jeans.jpg",
    "stock": 20,
    "is_available": true,
    "category": 2,
    "created_date": "2025-05-21T12:09:40.696Z",
    "modified_date": "2025-06-02T05:43:17.106Z"
  }
},
{
  "model": "store.product",
  "pk": 22,
  "fields": {
    "product_name": "QC Adventure Shoes",
    "slug": "qc-adventure-shoes",
    "description": "Lorem ipsum dolor sit amet consectetur adipisicing elit. Blanditiis, at!",
    "price": 4999,
    "images": "photos/products/shoes.png",
    "stock": 10,
    "is_available": true,
    "category": 4,
    "created_date": "2025-05-21T12:10:59.144Z",
    "modified_date": "2025-06-02T05:43:28.770Z"
  }
},
{
  "model": "store.product",
  "pk": 23,
  "fields": {
    "product_name": "Van Heusen T-Shirt",
    "slug": "van-heusen-t-shirt",
    "description": "Lorem ipsum dolor sit amet consectetur adipisicing elit. Blanditiis, at!",
    "price": 599,
    "images": "photos/products/tshirts.jpg",
    "stock": 20,
    "is_available": true,
    "category": 3,
    "created_date": "2025-05-21T12:11:53.517Z",
    "modified_date": "2025-06-02T05:43:40.677Z"
  }
},
{
  "model": "store.product",
  "pk": 24,
  "fields": {
    "product_name": "nike shoes",
    "slug": "nike-shoes",
    "description": "ecwyqdbevxjtycgev hvejgfuybuygyugsfdcv rrhgvbcyu3hew u",
    "price": 5000,
    "images": "photos/products/nike.webp",
    "stock": 10,
    "is_available": true,
    "category": 4,
    "created_date": "2025-05-27T09:49:12.345Z",
    "modified_date": "2025-06-02T05:48:28.234Z"
  }
},
{
  "model": "store.product",
  "pk": 25,
  "fields": {
    "product_name": "YSL Black Jacket",
    "slug": "YSL-jlack-jacket",
    "description": "Lorem ipsum dolor sit amet, consectetur adipiscing elit, sed do eiusmod tempor incididunt ut labore et dolore magna aliqua. Ut enim ad minim",
    "price": 40000,
    "images": "photos/products/ysl_black-removebg-preview.png",
    "stock": 10,
    "is_available": true,
    "category": 5,
    "created_date": "2025-06-02T05:52:05.491Z",
    "modified_date": "2025-06-02T05:54:53.037Z"
  }
},
{
  "model": "store.product",
  "pk": 26,
  "fields": {
    "product_name": "Rare Rabbit Check Shirt",
    "slug": "rare-rabbit-check-shirt",
    "description": "Discover the perfect blend of style and comfort with our gingham check shirt. Crafted from premium cotton, this casual shirt features a classic spread collar and button closure, ensuring a timeless look. Designed for a regular fit, it offers a flattering silhouette suitable for any occasion. The full sleeves add a touch of sophistication, making it ideal for both work and leisure. This woven shirt is a versatile addition to any wardrobe, providing a stylish option for those who appreciate qualit",
    "price": 1999,
    "images": "photos/products/BYRE-MULTI1200.png",
    "stock": 20,
    "is_available": true,
    "category": 1,
    "created_date": "2025-06-03T05:26:14.033Z",
    "modified_date": "2025-06-04T09:01:22.849Z"
  }
},
{
  "model": "store.product",
  "pk": 29,
  "fields": {
    "product_name": "US Polo T-Shirt",
    "slug": "US-Polo-T-Shirt",
    "description": "Elevate your casual wardrobe with the Vertical Striped Pure Cotton Gold Cup Polo Shirt — a perfect blend of comfort and style. Crafted from premium 100% pure cotton, this polo shirt features a sleek vertical stripe pattern that adds a modern touch to a timeless classic.",
    "price": 2199,
    "images": "photos/products/7.png",
    "stock": 15,
    "is_available": true,
    "category": 3,
    "created_date": "2025-06-03T07:07:14.090Z",
    "modified_date": "2025-06-04T07:13:44.232Z"
  }
},
{
  "model": "store.product",
  "pk": 31,
  "fields": {
    "product_name": "Samsung Phone",
    "slug": "samsung-phone",
    "description": "This is a Samsung phone. Phone is very useful device in our daily life, so please buy from our website...",
    "price": 10000,
    "images": "photos/products/download_KBHF6Uq.jpg",
    "stock": 4,
    "is_available": true,
    "category": 13,
    "created_date": "2025-07-01T11:04:04.049Z",
    "modified_date": "2025-07-03T04:51:16.364Z"
  }
},
{
  "model": "store.variation",
  "pk": 1,
  "fields": {
    "product": 1,
    "variation_category": "color",
    "variation_value": "Navy Blue",
    "price": "2000.00",
    "stock": 0,
    "is_active": true,
    "created_date": "2025-07-03T07:02:53.946Z"
  }
},
{
  "model": "store.variation",
  "pk": 2,
  "fields": {
    "product": 1,
    "variation_category": "color",
    "variation_value": "sky blue",
    "price": "2000.00",
    "stock": 0,
    "is_active": true,
    "created_date": "2025-07-03T07:02:53.942Z"
  }
},
{
  "model": "store.variation",
  "pk": 3,
  "fields": {
    "product": 1,
    "variation_category": "color",
    "variation_value": "Gray",
    "price": "2000.00",
    "stock": 0,
    "is_active": true,
    "created_date": "2025-07-03T07:02:53.938Z"
  }
},
{
  "model": "store.variation",
  "pk": 4,
  "fields": {
    "product": 1,
    "variation_category": "color",
    "variation_value": "Black",
    "price": "2000.00",
    "stock": 0,
    "is_active": true,
    "created_date": "2025-07-03T07:02:53.935Z"
  }
},
{
  "model": "store.variation",
  "pk": 5,
  "fields": {
    "product": 1,
    "variation_category": "size",
    "variation_value": "28",
    "price": "2000.00",
    "stock": 0,
    "is_active": true,
    "created_date": "2025-07-03T07:02:53.931Z"
  }
},
{
  "model": "store.variation",
  "pk": 6,
  "fields": {
    "product": 1,
    "variation_category": "size",
    "variation_value": "30",
    "price": "2000.00",
    "stock": 0,
    "is_active": true,
    "created_date": "2025-07-03T07:02:53.927Z"
  }
},
{
  "model": "store.variation",
  "pk": 7,
  "fields": {
    "product": 1,
    "variation_category": "size",
    "variation_value": "32",
    "price": "2000.00",
    "stock": 0,
    "is_active": true,
    "created_date": "2025-07-03T07:02:53.922Z"
  }
},
{
  "model": "store.variation",
  "pk": 8,
  "fields": {
    "product": 1,
    "variation_category": "size",
    "variation_value": "34",
    "price": "2000.00",
    "stock": 0,
    "is_active": true,
    "created_date": "2025-07-03T07:02:53.918Z"
  }
},
{
  "model": "store.variation",
  "pk": 9,
  "fields": {
    "product": 1,
    "variation_category": "size",
    "variation_value": "36",
    "price": "2000.00",
    "stock": 0,
    "is_active": true,
    "created_date": "2025-07-03T07:02:53.914Z"
  }
},
{
  "model": "store.variation",
  "pk": 10,
  "fields": {
    "product": 2,
    "variation_category": "color",
    "variation_value": "Blue",
    "price": "400.00",
    "stock": 0,
    "is_active": true,
    "created_date": "2025-07-03T07:02:53.909Z"
  }
},
{
  "model": "store.variation",
  "pk": 11,
  "fields": {
    "product": 2,
    "variation_category": "color",
    "variation_value": "White",
    "price": "400.00",
    "stock": 0,
    "is_active": true,
    "created_date": "2025-07-03T07:02:53.905Z"
  }
},
{
  "model": "store.variation",
  "pk": 12,
  "fields": {
    "product": 2,
    "variation_category": "color",
    "variation_value": "Red",
    "price": "400.00",
    "stock": 0,
    "is_active": true,
    "created_date": "2025-07-03T07:02:53.901Z"
  }
},
{
  "model": "store.variation",
  "pk": 13,
  "fields": {
    "product": 2,
    "variation_category": "color",
    "variation_value": "Black",
    "price": "400.00",
    "stock": 0,
    "is_active": true,
    "created_date": "2025-07-03T07:02:53.898Z"
  }
},
{
  "model": "store.variation",
  "pk": 14,
  "fields": {
    "product": 2,
    "variation_category": "size",
    "variation_value": "Small",
    "price": "400.00",
    "stock": 0,
    "is_active": true,
    "created_date": "2025-07-03T07:02:53.893Z"
  }
},
{
  "model": "store.variation",
  "pk": 15,
  "fields": {
    "product": 2,
    "variation_category": "size",
    "variation_value": "Medium",
    "price": "400.00",
    "stock": 0,
    "is_active": true,
    "created_date": "2025-07-03T07:02:53.889Z"
  }
},
{
  "model": "store.variation",
  "pk": 16,
  "fields": {
    "product": 2,
    "variation_category": "size",
    "variation_value": "Large",
    "price": "400.00",
    "stock": 0,
    "is_active": true,
    "created_date": "2025-07-03T07:02:53.886Z"
  }
},
{
  "model": "store.variation",
  "pk": 17,
  "fields": {
    "product": 2,
    "variation_category": "size",
    "variation_value": "Extra Large",
    "price": "400.00",
    "stock": 0,
    "is_active": true,
    "created_date": "2025-07-03T07:02:53.882Z"
  }
},
{
  "model": "store.variation",
  "pk": 19,
  "fields": {
    "product": 3,
    "variation_category": "color",
    "variation_value": "White",
    "price": "1499.00",
    "stock": 0,
    "is_active": true,
    "created_date": "2025-07-03T07:02:53.878Z"
  }
},
{
  "model": "store.variation",
  "pk": 20,
  "fields": {
    "product": 3,
    "variation_category": "color",
    "variation_value": "sky blue",
    "price": "1499.00",
    "stock": 0,
    "is_active": true,
    "created_date": "2025-07-03T07:02:53.874Z"
  }
},
{
  "model": "store.variation",
  "pk": 21,
  "fields": {
    "product": 3,
    "variation_category": "color",
    "variation_value": "Light Pink",
    "price": "1499.00",
    "stock": 0,
    "is_active": true,
    "created_date": "2025-07-03T07:02:53.870Z"
  }
},
{
  "model": "store.variation",
  "pk": 22,
  "fields": {
    "product": 3,
    "variation_category": "size",
    "variation_value": "Small",
    "price": "1499.00",
    "stock": 0,
    "is_active": true,
    "created_date": "2025-07-03T07:02:53.867Z"
  }
},
{
  "model": "store.variation",
  "pk": 23,
  "fields": {
    "product": 3,
    "variation_category": "size",
    "variation_value": "medium",
    "price": "1499.00",
    "stock": 0,
    "is_active": true,
    "created_date": "2025-07-03T07:02:53.863Z"
  }
},
{
  "model": "store.variation",
  "pk": 24,
  "fields": {
    "product": 3,
    "variation_category": "size",
    "variation_value": "large",
    "price": "1499.00",
    "stock": 0,
    "is_active": true,
    "created_date": "2025-07-03T07:02:53.859Z"
  }
},
{
  "model": "store.variation",
  "pk": 25,
  "fields": {
    "product": 3,
    "variation_category": "size",
    "variation_value": "Extra Large",
    "price": "1499.00",
    "stock": 0,
    "is_active": true,
    "created_date": "2025-07-03T07:02:53.855Z"
  }
},
{
  "model": "store.variation",
  "pk": 26,
  "fields": {
    "product": 4,
    "variation_category": "color",
    "variation_value": "Black",
    "price": "1899.00",
    "stock": 0,
    "is_active": true,
    "created_date": "2025-07-03T07:02:53.851Z"
  }
},
{
  "model": "store.variation",
  "pk": 27,
  "fields": {
    "product": 4,
    "variation_category": "color",
    "variation_value": "Blue",
    "price": "1899.00",
    "stock": 0,
    "is_active": true,
    "created_date": "2025-07-03T07:02:53.847Z"
  }
},
{
  "model": "store.variation",
  "pk": 28,
  "fields": {
    "product": 4,
    "variation_category": "color",
    "variation_value": "Grey",
    "price": "1899.00",
    "stock": 0,
    "is_active": true,
    "created_date": "2025-07-03T07:02:53.843Z"
  }
},
{
  "model": "store.variation",
  "pk": 29,
  "fields": {
    "product": 4,
    "variation_category": "size",
    "variation_value": "28",
    "price": "1899.00",
    "stock": 0,
    "is_active": true,
    "created_date": "2025-07-03T07:02:53.839Z"
  }
},
{
  "model": "store.variation",
  "pk": 30,
  "fields": {
    "product": 4,
    "variation_category": "size",
    "variation_value": "30",
    "price": "1899.00",
    "stock": 0,
    "is_active": true,
    "created_date": "2025-07-03T07:02:53.836Z"
  }
},
{
  "model": "store.variation",
  "pk": 31,
  "fields": {
    "product": 4,
    "variation_category": "size",
    "variation_value": "32",
    "price": "1899.00",
    "stock": 0,
    "is_active": true,
    "created_date": "2025-07-03T07:02:53.832Z"
  }
},
{
  "model": "store.variation",
  "pk": 32,
  "fields": {
    "product": 4,
    "variation_category": "size",
    "variation_value": "34",
    "price": "1899.00",
    "stock": 0,
    "is_active": true,
    "created_date": "2025-07-03T07:02:53.827Z"
  }
},
{
  "model": "store.variation",
  "pk": 33,
  "fields": {
    "product": 4,
    "variation_category": "size",
    "variation_value": "36",
    "price": "1899.00",
    "stock": 0,
    "is_active": true,
    "created_date": "2025-07-03T07:02:53.800Z"
  }
},
{
  "model": "store.variation",
  "pk": 34,
  "fields": {
    "product": 5,
    "variation_category": "color",
    "variation_value": "Black",
    "price": "4999.00",
    "stock": 0,
    "is_active": true,
    "created_date": "2025-07-03T07:06:53.414Z"
  }
},
{
  "model": "store.variation",
  "pk": 35,
  "fields": {
    "product": 5,
    "variation_category": "color",
    "variation_value": "Red Black",
    "price": "4999.00",
    "stock": 0,
    "is_active": true,
    "created_date": "2025-07-03T07:06:53.411Z"
  }
},
{
  "model": "store.variation",
  "pk": 36,
  "fields": {
    "product": 5,
    "variation_category": "color",
    "variation_value": "White",
    "price": "4999.00",
    "stock": 0,
    "is_active": true,
    "created_date": "2025-07-03T07:06:53.409Z"
  }
},
{
  "model": "store.variation",
  "pk": 37,
  "fields": {
    "product": 5,
    "variation_category": "size",
    "variation_value": "6",
    "price": "4999.00",
    "stock": 0,
    "is_active": true,
    "created_date": "2025-07-03T07:06:53.406Z"
  }
},
{
  "model": "store.variation",
  "pk": 38,
  "fields": {
    "product": 5,
    "variation_category": "size",
    "variation_value": "7",
    "price": "4999.00",
    "stock": 0,
    "is_active": true,
    "created_date": "2025-07-03T07:06:53.403Z"
  }
},
{
  "model": "store.variation",
  "pk": 39,
  "fields": {
    "product": 5,
    "variation_category": "size",
    "variation_value": "8",
    "price": "4999.00",
    "stock": 0,
    "is_active": true,
    "created_date": "2025-07-03T07:06:53.400Z"
  }
},
{
  "model": "store.variation",
  "pk": 40,
  "fields": {
    "product": 5,
    "variation_category": "size",
    "variation_value": "9",
    "price": "4999.00",
    "stock": 0,
    "is_active": true,
    "created_date": "2025-07-03T07:06:53.397Z"
  }
},
{
  "model": "store.variation",
  "pk": 41,
  "fields": {
    "product": 6,
    "variation_category": "color",
    "variation_value": "Black",
    "price": "3999.00",
    "stock": 0,
    "is_active": true,
    "created_date": "2025-07-03T07:06:53.394Z"
  }
},
{
  "model": "store.variation",
  "pk": 42,
  "fields": {
    "product": 6,
    "variation_category": "color",
    "variation_value": "Red",
    "price": "3999.00",
    "stock": 0,
    "is_active": true,
    "created_date": "2025-07-03T07:06:53.390Z"
  }
},
{
  "model": "store.variation",
  "pk": 43,
  "fields": {
    "product": 6,
    "variation_category": "color",
    "variation_value": "White",
    "price": "3999.00",
    "stock": 0,
    "is_active": true,
    "created_date": "2025-07-03T07:06:53.386Z"
  }
},
{
  "model": "store.variation",
  "pk": 44,
  "fields": {
    "product": 6,
    "variation_category": "size",
    "variation_value": "6",
    "price": "3999.00",
    "stock": 0,
    "is_active": true,
    "created_date": "2025-07-03T07:06:53.383Z"
  }
},
{
  "model": "store.variation",
  "pk": 45,
  "fields": {
    "product": 6,
    "variation_category": "size",
    "variation_value": "7",
    "price": "3999.00",
    "stock": 0,
    "is_active": true,
    "created_date": "2025-07-03T07:06:53.381Z"
  }
},
{
  "model": "store.variation",
  "pk": 46,
  "fields": {
    "product": 6,
    "variation_category": "size",
    "variation_value": "8",
    "price": "3999.00",
    "stock": 0,
    "is_active": true,
    "created_date": "2025-07-03T07:06:53.378Z"
  }
},
{
  "model": "store.variation",
  "pk": 47,
  "fields": {
    "product": 6,
    "variation_category": "size",
    "variation_value": "9",
    "price": "3999.00",
    "stock": 0,
    "is_active": true,
    "created_date": "2025-07-03T07:06:53.375Z"
  }
},
{
  "model": "store.variation",
  "pk": 48,
  "fields": {
    "product": 7,
    "variation_category": "color",
    "variation_value": "Tan",
    "price": "6999.00",
    "stock": 0,
    "is_active": true,
    "created_date": "2025-07-03T07:06:53.372Z"
  }
},
{
  "model": "store.variation",
  "pk": 49,
  "fields": {
    "product": 7,
    "variation_category": "color",
    "variation_value": "Brown",
    "price": "6999.00",
    "stock": 0,
    "is_active": true,
    "created_date": "2025-07-03T07:06:53.369Z"
  }
},
{
  "model": "store.variation",
  "pk": 50,
  "fields": {
    "product": 7,
    "variation_category": "color",
    "variation_value": "Black",
    "price": "6999.00",
    "stock": 0,
    "is_active": true,
    "created_date": "2025-07-03T07:06:53.366Z"
  }
},
{
  "model": "store.variation",
  "pk": 51,
  "fields": {
    "product": 7,
    "variation_category": "size",
    "variation_value": "Small",
    "price": "6999.00",
    "stock": 0,
    "is_active": true,
    "created_date": "2025-07-03T07:06:53.364Z"
  }
},
{
  "model": "store.variation",
  "pk": 52,
  "fields": {
    "product": 7,
    "variation_category": "size",
    "variation_value": "medium",
    "price": "6999.00",
    "stock": 0,
    "is_active": true,
    "created_date": "2025-07-03T07:06:53.361Z"
  }
},
{
  "model": "store.variation",
  "pk": 53,
  "fields": {
    "product": 7,
    "variation_category": "size",
    "variation_value": "large",
    "price": "6999.00",
    "stock": 0,
    "is_active": true,
    "created_date": "2025-07-03T07:06:53.358Z"
  }
},
{
  "model": "store.variation",
  "pk": 54,
  "fields": {
    "product": 7,
    "variation_category": "size",
    "variation_value": "Extra Large",
    "price": "6999.00",
    "stock": 0,
    "is_active": true,
    "created_date": "2025-07-03T07:06:53.354Z"
  }
},
{
  "model": "store.variation",
  "pk": 55,
  "fields": {
    "product": 8,
    "variation_category": "color",
    "variation_value": "Blue",
    "price": "499.00",
    "stock": 0,
    "is_active": true,
    "created_date": "2025-07-03T07:06:53.351Z"
  }
},
{
  "model": "store.variation",
  "pk": 56,
  "fields": {
    "product": 8,
    "variation_category": "color",
    "variation_value": "Black",
    "price": "499.00",
    "stock": 0,
    "is_active": true,
    "created_date": "2025-07-03T07:06:53.348Z"
  }
},
{
  "model": "store.variation",
  "pk": 57,
  "fields": {
    "product": 8,
    "variation_category": "color",
    "variation_value": "Red",
    "price": "499.00",
    "stock": 0,
    "is_active": true,
    "created_date": "2025-07-03T07:06:53.345Z"
  }
},
{
  "model": "store.variation",
  "pk": 58,
  "fields": {
    "product": 8,
    "variation_category": "color",
    "variation_value": "White",
    "price": "499.00",
    "stock": 0,
    "is_active": true,
    "created_date": "2025-07-03T07:06:53.342Z"
  }
},
{
  "model": "store.variation",
  "pk": 59,
  "fields": {
    "product": 8,
    "variation_category": "size",
    "variation_value": "Small",
    "price": "499.00",
    "stock": 0,
    "is_active": true,
    "created_date": "2025-07-03T07:06:53.339Z"
  }
},
{
  "model": "store.variation",
  "pk": 60,
  "fields": {
    "product": 8,
    "variation_category": "size",
    "variation_value": "Medium",
    "price": "499.00",
    "stock": 0,
    "is_active": true,
    "created_date": "2025-07-03T07:06:53.336Z"
  }
},
{
  "model": "store.variation",
  "pk": 61,
  "fields": {
    "product": 8,
    "variation_category": "size",
    "variation_value": "Large",
    "price": "499.00",
    "stock": 0,
    "is_active": true,
    "created_date": "2025-07-03T07:06:53.333Z"
  }
},
{
  "model": "store.variation",
  "pk": 62,
  "fields": {
    "product": 8,
    "variation_category": "size",
    "variation_value": "Extra Large",
    "price": "499.00",
    "stock": 0,
    "is_active": true,
    "created_date": "2025-07-03T07:06:53.330Z"
  }
},
{
  "model": "store.variation",
  "pk": 63,
  "fields": {
    "product": 9,
    "variation_category": "color",
    "variation_value": "Black",
    "price": "799.00",
    "stock": 0,
    "is_active": true,
    "created_date": "2025-07-03T07:06:53.327Z"
  }
},
{
  "model": "store.variation",
  "pk": 64,
  "fields": {
    "product": 9,
    "variation_category": "color",
    "variation_value": "Olive",
    "price": "799.00",
    "stock": 0,
    "is_active": true,
    "created_date": "2025-07-03T07:06:53.324Z"
  }
},
{
  "model": "store.variation",
  "pk": 65,
  "fields": {
    "product": 9,
    "variation_category": "color",
    "variation_value": "Blue",
    "price": "799.00",
    "stock": 0,
    "is_active": true,
    "created_date": "2025-07-03T07:06:53.320Z"
  }
},
{
  "model": "store.variation",
  "pk": 66,
  "fields": {
    "product": 9,
    "variation_category": "size",
    "variation_value": "Small",
    "price": "799.00",
    "stock": 0,
    "is_active": true,
    "created_date": "2025-07-03T07:06:53.317Z"
  }
},
{
  "model": "store.variation",
  "pk": 67,
  "fields": {
    "product": 9,
    "variation_category": "size",
    "variation_value": "medium",
    "price": "799.00",
    "stock": 0,
    "is_active": true,
    "created_date": "2025-07-03T07:06:53.313Z"
  }
},
{
  "model": "store.variation",
  "pk": 68,
  "fields": {
    "product": 9,
    "variation_category": "size",
    "variation_value": "Large",
    "price": "799.00",
    "stock": 0,
    "is_active": true,
    "created_date": "2025-07-03T07:06:53.310Z"
  }
},
{
  "model": "store.variation",
  "pk": 69,
  "fields": {
    "product": 10,
    "variation_category": "color",
    "variation_value": "Blue",
    "price": "1299.00",
    "stock": 0,
    "is_active": true,
    "created_date": "2025-07-03T07:06:53.307Z"
  }
},
{
  "model": "store.variation",
  "pk": 70,
  "fields": {
    "product": 10,
    "variation_category": "color",
    "variation_value": "Black",
    "price": "1299.00",
    "stock": 0,
    "is_active": true,
    "created_date": "2025-07-03T07:06:53.304Z"
  }
},
{
  "model": "store.variation",
  "pk": 71,
  "fields": {
    "product": 10,
    "variation_category": "color",
    "variation_value": "Gray",
    "price": "1299.00",
    "stock": 0,
    "is_active": true,
    "created_date": "2025-07-03T07:06:53.301Z"
  }
},
{
  "model": "store.variation",
  "pk": 72,
  "fields": {
    "product": 10,
    "variation_category": "size",
    "variation_value": "Small",
    "price": "1299.00",
    "stock": 0,
    "is_active": true,
    "created_date": "2025-07-03T07:06:53.298Z"
  }
},
{
  "model": "store.variation",
  "pk": 73,
  "fields": {
    "product": 10,
    "variation_category": "size",
    "variation_value": "Medium",
    "price": "1299.00",
    "stock": 0,
    "is_active": true,
    "created_date": "2025-07-03T07:06:53.295Z"
  }
},
{
  "model": "store.variation",
  "pk": 74,
  "fields": {
    "product": 10,
    "variation_category": "size",
    "variation_value": "Large",
    "price": "1299.00",
    "stock": 0,
    "is_active": true,
    "created_date": "2025-07-03T07:06:53.293Z"
  }
},
{
  "model": "store.variation",
  "pk": 75,
  "fields": {
    "product": 11,
    "variation_category": "color",
    "variation_value": "Blue",
    "price": "1499.00",
    "stock": 0,
    "is_active": true,
    "created_date": "2025-07-03T07:06:53.290Z"
  }
},
{
  "model": "store.variation",
  "pk": 77,
  "fields": {
    "product": 11,
    "variation_category": "size",
    "variation_value": "Small",
    "price": "1499.00",
    "stock": 0,
    "is_active": true,
    "created_date": "2025-07-03T07:06:53.287Z"
  }
},
{
  "model": "store.variation",
  "pk": 78,
  "fields": {
    "product": 12,
    "variation_category": "color",
    "variation_value": "Brown",
    "price": "999.00",
    "stock": 0,
    "is_active": true,
    "created_date": "2025-07-03T07:06:53.284Z"
  }
},
{
  "model": "store.variation",
  "pk": 79,
  "fields": {
    "product": 12,
    "variation_category": "color",
    "variation_value": "Black",
    "price": "999.00",
    "stock": 0,
    "is_active": true,
    "created_date": "2025-07-03T07:06:53.280Z"
  }
},
{
  "model": "store.variation",
  "pk": 80,
  "fields": {
    "product": 12,
    "variation_category": "color",
    "variation_value": "Gray",
    "price": "999.00",
    "stock": 0,
    "is_active": true,
    "created_date": "2025-07-03T07:06:53.277Z"
  }
},
{
  "model": "store.variation",
  "pk": 81,
  "fields": {
    "product": 12,
    "variation_category": "size",
    "variation_value": "14 Inch",
    "price": "999.00",
    "stock": 0,
    "is_active": true,
    "created_date": "2025-07-03T07:06:53.274Z"
  }
},
{
  "model": "store.variation",
  "pk": 82,
  "fields": {
    "product": 12,
    "variation_category": "size",
    "variation_value": "15 Inch",
    "price": "999.00",
    "stock": 0,
    "is_active": true,
    "created_date": "2025-07-03T07:06:53.270Z"
  }
},
{
  "model": "store.variation",
  "pk": 83,
  "fields": {
    "product": 12,
    "variation_category": "size",
    "variation_value": "16 Inch",
    "price": "999.00",
    "stock": 0,
    "is_active": true,
    "created_date": "2025-07-03T07:06:53.267Z"
  }
},
{
  "model": "store.variation",
  "pk": 84,
  "fields": {
    "product": 26,
    "variation_category": "color",
    "variation_value": "Red",
    "price": "1999.00",
    "stock": 0,
    "is_active": true,
    "created_date": "2025-07-03T07:06:53.264Z"
  }
},
{
  "model": "store.variation",
  "pk": 85,
  "fields": {
    "product": 26,
    "variation_category": "size",
    "variation_value": "Small",
    "price": "1999.00",
    "stock": 0,
    "is_active": true,
    "created_date": "2025-07-03T07:06:53.261Z"
  }
},
{
  "model": "store.variation",
  "pk": 86,
  "fields": {
    "product": 26,
    "variation_category": "color",
    "variation_value": "Black",
    "price": "1999.00",
    "stock": 0,
    "is_active": true,
    "created_date": "2025-07-03T07:06:53.258Z"
  }
},
{
  "model": "store.variation",
  "pk": 87,
  "fields": {
    "product": 26,
    "variation_category": "color",
    "variation_value": "Blue",
    "price": "1999.00",
    "stock": 0,
    "is_active": true,
    "created_date": "2025-07-03T07:06:53.254Z"
  }
},
{
  "model": "store.variation",
  "pk": 88,
  "fields": {
    "product": 26,
    "variation_category": "size",
    "variation_value": "Medium",
    "price": "1999.00",
    "stock": 0,
    "is_active": true,
    "created_date": "2025-07-03T07:06:53.251Z"
  }
},
{
  "model": "store.variation",
  "pk": 89,
  "fields": {
    "product": 26,
    "variation_category": "size",
    "variation_value": "Large",
    "price": "1999.00",
    "stock": 0,
    "is_active": true,
    "created_date": "2025-07-03T07:06:53.248Z"
  }
},
{
  "model": "store.variation",
  "pk": 92,
  "fields": {
    "product": 29,
    "variation_category": "color",
    "variation_value": "Gold",
    "price": "2199.00",
    "stock": 0,
    "is_active": true,
    "created_date": "2025-07-03T07:06:53.245Z"
  }
},
{
  "model": "store.variation",
  "pk": 93,
  "fields": {
    "product": 29,
    "variation_category": "color",
    "variation_value": "White",
    "price": "2199.00",
    "stock": 0,
    "is_active": true,
    "created_date": "2025-07-03T07:06:53.243Z"
  }
},
{
  "model": "store.variation",
  "pk": 94,
  "fields": {
    "product": 29,
    "variation_category": "color",
    "variation_value": "Red",
    "price": "2199.00",
    "stock": 0,
    "is_active": true,
    "created_date": "2025-07-03T07:06:53.240Z"
  }
},
{
  "model": "store.variation",
  "pk": 95,
  "fields": {
    "product": 29,
    "variation_category": "size",
    "variation_value": "Small",
    "price": "2199.00",
    "stock": 0,
    "is_active": true,
    "created_date": "2025-07-03T07:06:53.237Z"
  }
},
{
  "model": "store.variation",
  "pk": 96,
  "fields": {
    "product": 29,
    "variation_category": "size",
    "variation_value": "Medium",
    "price": "2199.00",
    "stock": 0,
    "is_active": true,
    "created_date": "2025-07-03T07:06:53.234Z"
  }
},
{
  "model": "store.variation",
  "pk": 97,
  "fields": {
    "product": 29,
    "variation_category": "size",
    "variation_value": "Large",
    "price": "2199.00",
    "stock": 0,
    "is_active": true,
    "created_date": "2025-07-03T07:06:53.228Z"
  }
},
{
  "model": "store.variation",
  "pk": 98,
  "fields": {
    "product": 24,
    "variation_category": "color",
    "variation_value": "Black",
    "price": "5000.00",
    "stock": 0,
    "is_active": true,
    "created_date": "2025-07-03T05:31:52.883Z"
  }
},
{
  "model": "store.variation",
  "pk": 99,
  "fields": {
    "product": 24,
    "variation_category": "color",
    "variation_value": "White",
    "price": "6000.00",
    "stock": 0,
    "is_active": true,
    "created_date": "2025-07-03T05:33:06.624Z"
  }
},
{
  "model": "store.variation",
  "pk": 100,
  "fields": {
    "product": 24,
    "variation_category": "color",
    "variation_value": "Red",
    "price": "3000.00",
    "stock": 0,
    "is_active": true,
    "created_date": "2025-07-03T06:36:51.608Z"
  }
},
{
  "model": "store.variation",
  "pk": 101,
  "fields": {
    "product": 24,
    "variation_category": "size",
    "variation_value": "7",
    "price": "2000.00",
    "stock": 0,
    "is_active": true,
    "created_date": "2025-07-03T06:36:51.585Z"
  }
},
{
  "model": "store.variation",
  "pk": 102,
  "fields": {
    "product": 24,
    "variation_category": "size",
    "variation_value": "8",
    "price": "6000.00",
    "stock": 0,
    "is_active": true,
    "created_date": "2025-07-03T09:03:30.970Z"
  }
},
{
  "model": "store.variation",
  "pk": 103,
  "fields": {
    "product": 24,
    "variation_category": "size",
    "variation_value": "9",
    "price": "5000.00",
    "stock": 0,
    "is_active": true,
    "created_date": "2025-07-03T05:30:38.286Z"
  }
},
{
  "model": "store.reviewrating",
  "pk": 2,
  "fields": {
    "product": 1,
    "user": [
      "pratapsinghd665@gmail.com"
    ],
    "subject": "Rating",
    "review": "tcvqbsewe gwhdqbg xhcgwqh",
    "rating": 5.0,
    "ip": "127.0.0.1",
    "status": true,
    "created_at": "2025-05-27T10:40:54.339Z",
    "updated_at": "2025-05-27T10:40:54.339Z"
  }
},
{
  "model": "store.productgallery",
  "pk": 24,
  "fields": {
    "product": 19,
    "image": "store/products/12-1.jpg"
  }
},
{
  "model": "store.productgallery",
  "pk": 25,
  "fields": {
    "product": 19,
    "image": "store/products/12-2.jpg"
  }
},
{
  "model": "store.productgallery",
  "pk": 43,
  "fields": {
    "product": 31,
    "image": "store/products/download_2_4gEE9DJ.jpg"
  }
},
{
  "model": "store.productgallery",
  "pk": 44,
  "fields": {
    "product": 31,
    "image": "store/products/download_1_xdHHkKy.jpg"
  }
},
{
  "model": "carts.cart",
  "pk": 5,
  "fields": {
    "cart_id": "35t8x4vbh2e0e8sqmummkq4xvdol59bz",
    "date_added": "2025-07-09"
  }
},
{
  "model": "carts.cart",
  "pk": 6,
  "fields": {
    "cart_id": "406zf0mkn0l8lh2xkd1a6eskfu4ryn2l",
    "date_added": "2025-07-18"
  }
},
{
  "model": "carts.cart",
  "pk": 7,
  "fields": {
    "cart_id": "ie9tu7bhnrun1qzcaoic24c89t6vl2zv",
    "date_added": "2026-01-13"
  }
},
{
  "model": "carts.cart",
  "pk": 8,
  "fields": {
    "cart_id": "h9lb59qs76rb1kugt35w9jaskxhfzccy",
    "date_added": "2026-01-24"
  }
},
{
  "model": "carts.cart",
  "pk": 9,
  "fields": {
    "cart_id": "wplzpm9chor45oqdhy6kaaux98minhci",
    "date_added": "2026-03-25"
  }
},
{
  "model": "carts.cartitem",
  "pk": 86,
  "fields": {
    "user": [
      "root@gmail.com"
    ],
    "product": 1,
    "cart": null,
    "quantity": 1,
    "is_active": true,
    "order": null,
    "price": "2000.00",
    "variations": [
      1,
      5
    ]
  }
},
{
  "model": "carts.cartitem",
  "pk": 95,
  "fields": {
    "user": null,
    "product": 1,
    "cart": 6,
    "quantity": 1,
    "is_active": true,
    "order": null,
    "price": "2000.00",
    "variations": [
      2,
      6
    ]
  }
},
{
  "model": "carts.cartitem",
  "pk": 96,
  "fields": {
    "user": null,
    "product": 1,
    "cart": 7,
    "quantity": 1,
    "is_active": true,
    "order": null,
    "price": "2000.00",
    "variations": [
      1,
      5
    ]
  }
},
{
  "model": "carts.cartitem",
  "pk": 99,
  "fields": {
    "user": null,
    "product": 1,
    "cart": 8,
    "quantity": 1,
    "is_active": true,
    "order": null,
    "price": "2000.00",
    "variations": [
      1,
      5
    ]
  }
},
{
  "model": "carts.cartitem",
  "pk": 101,
  "fields": {
    "user": [
      "pratapsinghd665@gmail.com"
    ],
    "product": 3,
    "cart": null,
    "quantity": 2,
    "is_active": true,
    "order": null,
    "price": "1499.00",
    "variations": [
      19,
      22
    ]
  }
},
{
  "model": "carts.cartitem",
  "pk": 102,
  "fields": {
    "user": null,
    "product": 1,
    "cart": 9,
    "quantity": 1,
    "is_active": true,
    "order": null,
    "price": "2000.00",
    "variations": [
      1,
      6
    ]
  }
},
{
  "model": "carts.cartitem",
  "pk": 103,
  "fields": {
    "user": [
      ""
    ],
    "product": 1,
    "cart": null,
    "quantity": 1,
    "is_active": true,
    "order": null,
    "price": "2000.00",
    "variations": [
      2,
      9
    ]
  }
},
{
  "model": "orders.payment",
  "pk": 2,
  "fields": {
    "user": [
      "root@gmail.com"
    ],
    "payment_id": "PAY-202507017",
    "payment_method": "UPI",
    "amount_paid": "3568.98",
    "status": "Success",
    "delivery_status": "Pending",
    "created_at": "2025-07-01T06:03:33.577Z"
  }
},
{
  "model": "orders.payment",
  "pk": 3,
  "fields": {
    "user": [
      "root@gmail.com"
    ],
    "payment_id": "PAY-202507018",
    "payment_method": "Cash On Delivery",
    "amount_paid": "2040.00",
    "status": "Success",
    "delivery_status": "Pending",
    "created_at": "2025-07-01T06:08:48.040Z"
  }
},
{
  "model": "orders.payment",
  "pk": 4,
  "fields": {
    "user": [
      "pratapsinghd665@gmail.com"
    ],
    "payment_id": "PAY-202507019",
    "payment_method": "UPI",
    "amount_paid": "2448.00",
    "status": "Success",
    "delivery_status": "Pending",
    "created_at": "2025-07-01T06:21:27.118Z"
  }
},
{
  "model": "orders.payment",
  "pk": 5,
  "fields": {
    "user": [
      "pratapdhananjay738@gmail.com"
    ],
    "payment_id": "PAY-2025070110",
    "payment_method": "UPI",
    "amount_paid": "2040.00",
    "status": "Paid",
    "delivery_status": "Delivered",
    "created_at": "2025-07-01T06:32:30.609Z"
  }
},
{
  "model": "orders.payment",
  "pk": 6,
  "fields": {
    "user": [
      "root@gmail.com"
    ],
    "payment_id": "PAY-2025070312",
    "payment_method": "UPI",
    "amount_paid": "10200.00",
    "status": "Success",
    "delivery_status": "Pending",
    "created_at": "2025-07-03T04:51:16.325Z"
  }
},
{
  "model": "orders.payment",
  "pk": 11,
  "fields": {
    "user": [
      "root@gmail.com"
    ],
    "payment_id": "PAY-2025070424",
    "payment_method": "Razorpay",
    "amount_paid": "2040.00",
    "status": "Success",
    "delivery_status": "Pending",
    "created_at": "2025-07-04T06:15:57.747Z"
  }
},
{
  "model": "orders.payment",
  "pk": 22,
  "fields": {
    "user": [
      "pratapsinghd665@gmail.com"
    ],
    "payment_id": "PAY-2025070439",
    "payment_method": "UPI",
    "amount_paid": "2040.00",
    "status": "Success",
    "delivery_status": "Pending",
    "created_at": "2025-07-04T11:13:09.282Z"
  }
},
{
  "model": "orders.payment",
  "pk": 23,
  "fields": {
    "user": [
      "root@gmail.com"
    ],
    "payment_id": "PAY-2025070851",
    "payment_method": "Cash On Delivery",
    "amount_paid": "2040.00",
    "status": "Success",
    "delivery_status": "Pending",
    "created_at": "2025-07-08T05:01:24.252Z"
  }
},
{
  "model": "orders.payment",
  "pk": 24,
  "fields": {
    "user": [
      "pratapsinghd665@gmail.com"
    ],
    "payment_id": "PAY-2025070856",
    "payment_method": "Cash On Delivery",
    "amount_paid": "2040.00",
    "status": "Success",
    "delivery_status": "Pending",
    "created_at": "2025-07-08T10:26:26.366Z"
  }
},
{
  "model": "orders.payment",
  "pk": 25,
  "fields": {
    "user": [
      "pratapsinghd665@gmail.com"
    ],
    "payment_id": "PAY-2025070857",
    "payment_method": "UPI",
    "amount_paid": "2040.00",
    "status": "Success",
    "delivery_status": "Pending",
    "created_at": "2025-07-08T10:44:16.394Z"
  }
},
{
  "model": "orders.payment",
  "pk": 26,
  "fields": {
    "user": [
      "pratapsinghd665@gmail.com"
    ],
    "payment_id": "PAY-2025070858",
    "payment_method": "UPI",
    "amount_paid": "2040.00",
    "status": "Success",
    "delivery_status": "Pending",
    "created_at": "2025-07-08T10:45:38.122Z"
  }
},
{
  "model": "orders.payment",
  "pk": 27,
  "fields": {
    "user": [
      "pratapsinghd665@gmail.com"
    ],
    "payment_id": "PAY-2025070859",
    "payment_method": "UPI",
    "amount_paid": "2040.00",
    "status": "Success",
    "delivery_status": "Pending",
    "created_at": "2025-07-08T10:50:56.386Z"
  }
},
{
  "model": "orders.payment",
  "pk": 28,
  "fields": {
    "user": [
      ""
    ],
    "payment_id": "PAY-2025070860",
    "payment_method": "UPI",
    "amount_paid": "2040.00",
    "status": "Success",
    "delivery_status": "Pending",
    "created_at": "2025-07-08T11:01:33.858Z"
  }
},
{
  "model": "orders.payment",
  "pk": 29,
  "fields": {
    "user": [
      ""
    ],
    "payment_id": "PAY-2025070863",
    "payment_method": "UPI",
    "amount_paid": "2040.00",
    "status": "Success",
    "delivery_status": "Pending",
    "created_at": "2025-07-08T11:05:00.436Z"
  }
},
{
  "model": "orders.payment",
  "pk": 30,
  "fields": {
    "user": [
      ""
    ],
    "payment_id": "PAY-2025070865",
    "payment_method": "UPI",
    "amount_paid": "2040.00",
    "status": "Success",
    "delivery_status": "Pending",
    "created_at": "2025-07-08T11:06:44.409Z"
  }
},
{
  "model": "orders.payment",
  "pk": 31,
  "fields": {
    "user": [
      ""
    ],
    "payment_id": "PAY-2025070866",
    "payment_method": "UPI",
    "amount_paid": "2040.00",
    "status": "Success",
    "delivery_status": "Pending",
    "created_at": "2025-07-08T11:07:49.165Z"
  }
},
{
  "model": "orders.payment",
  "pk": 32,
  "fields": {
    "user": [
      ""
    ],
    "payment_id": "PAY-2025070868",
    "payment_method": "Cash On Delivery",
    "amount_paid": "2040.00",
    "status": "Success",
    "delivery_status": "Pending",
    "created_at": "2025-07-08T11:23:18.434Z"
  }
},
{
  "model": "orders.payment",
  "pk": 33,
  "fields": {
    "user": [
      ""
    ],
    "payment_id": "PAY-2025070870",
    "payment_method": "Cash On Delivery",
    "amount_paid": "2040.00",
    "status": "Success",
    "delivery_status": "Pending",
    "created_at": "2025-07-08T11:25:58.099Z"
  }
},
{
  "model": "orders.payment",
  "pk": 34,
  "fields": {
    "user": [
      ""
    ],
    "payment_id": "PAY-2025070871",
    "payment_method": "UPI",
    "amount_paid": "2040.00",
    "status": "Success",
    "delivery_status": "Pending",
    "created_at": "2025-07-08T11:26:31.774Z"
  }
},
{
  "model": "orders.payment",
  "pk": 35,
  "fields": {
    "user": [
      ""
    ],
    "payment_id": "PAY-2025070872",
    "payment_method": "UPI",
    "amount_paid": "408.00",
    "status": "Success",
    "delivery_status": "Pending",
    "created_at": "2025-07-08T11:26:54.653Z"
  }
},
{
  "model": "orders.payment",
  "pk": 36,
  "fields": {
    "user": [
      ""
    ],
    "payment_id": "PAY-2025070873",
    "payment_method": "Razorpay",
    "amount_paid": "2040.00",
    "status": "Success",
    "delivery_status": "Pending",
    "created_at": "2025-07-08T11:29:34.793Z"
  }
},
{
  "model": "orders.payment",
  "pk": 37,
  "fields": {
    "user": [
      "pratapsinghd665@gmail.com"
    ],
    "payment_id": "PAY-2025070981",
    "payment_method": "UPI",
    "amount_paid": "2040.00",
    "status": "Success",
    "delivery_status": "Pending",
    "created_at": "2025-07-09T06:19:48.725Z"
  }
},
{
  "model": "orders.payment",
  "pk": 38,
  "fields": {
    "user": [
      "pratapsinghd665@gmail.com"
    ],
    "payment_id": "PAY-2025070989",
    "payment_method": "UPI",
    "amount_paid": "2040.00",
    "status": "Success",
    "delivery_status": "Pending",
    "created_at": "2025-07-09T06:44:06.376Z"
  }
},
{
  "model": "orders.payment",
  "pk": 39,
  "fields": {
    "user": [
      "pratapsinghd665@gmail.com"
    ],
    "payment_id": "PAY-2025070990",
    "payment_method": "UPI",
    "amount_paid": "2040.00",
    "status": "Success",
    "delivery_status": "Pending",
    "created_at": "2025-07-09T06:51:44.994Z"
  }
},
{
  "model": "orders.payment",
  "pk": 40,
  "fields": {
    "user": [
      "pratapsinghd665@gmail.com"
    ],
    "payment_id": "PAY-2025071891",
    "payment_method": "Cash On Delivery",
    "amount_paid": "2040.00",
    "status": "Success",
    "delivery_status": "Pending",
    "created_at": "2025-07-18T07:51:15.250Z"
  }
},
{
  "model": "orders.payment",
  "pk": 41,
  "fields": {
    "user": [
      "pratapsinghd665@gmail.com"
    ],
    "payment_id": "PAY-2025071892",
    "payment_method": "Cash On Delivery",
    "amount_paid": "2040.00",
    "status": "Success",
    "delivery_status": "Pending",
    "created_at": "2025-07-18T07:51:29.473Z"
  }
},
{
  "model": "orders.payment",
  "pk": 42,
  "fields": {
    "user": [
      "root@gmail.com"
    ],
    "payment_id": "PAY-2025072093",
    "payment_method": "UPI",
    "amount_paid": "408.00",
    "status": "Success",
    "delivery_status": "Pending",
    "created_at": "2025-07-20T16:36:46.045Z"
  }
},
{
  "model": "orders.payment",
  "pk": 43,
  "fields": {
    "user": [
      ""
    ],
    "payment_id": "PAY-2026011394",
    "payment_method": "UPI",
    "amount_paid": "2040.00",
    "status": "Success",
    "delivery_status": "Pending",
    "created_at": "2026-01-13T10:24:08.480Z"
  }
},
{
  "model": "orders.payment",
  "pk": 44,
  "fields": {
    "user": [
      "pratapsinghd665@gmail.com"
    ],
    "payment_id": "PAY-2026012495",
    "payment_method": "UPI",
    "amount_paid": "408.00",
    "status": "Success",
    "delivery_status": "Pending",
    "created_at": "2026-01-24T14:43:40.133Z"
  }
},
{
  "model": "orders.order",
  "pk": 1,
  "fields": {
    "user": null,
    "payment": null,
    "order_number": "202505211",
    "first_name": "Dhananjay",
    "last_name": "Pratap Singh",
    "phone": "09997863901",
    "email": "pratapsinghd665@gmail.com",
    "address_line_1": "Chitrakoot Sharma PG",
    "address_line_2": "9D/190, Chitrakoot",
    "country": "India",
    "state": "Rajasthan",
    "city": "Jaipur",
    "order_note": "c2cgjvh1bsdghw",
    "order_total": 816.0,
    "tax": 16.0,
    "status": "New",
    "ip": "127.0.0.1",
    "is_ordered": false,
    "created_at": "2025-05-21T11:30:55.042Z",
    "updated_at": "2025-05-21T12:28:25.564Z"
  }
},
{
  "model": "orders.order",
  "pk": 2,
  "fields": {
    "user": [
      "root@gmail.com"
    ],
    "payment": null,
    "order_number": "202506042",
    "first_name": "Dhananjay",
    "last_name": "Pratap Singh",
    "phone": "09997863901",
    "email": "pratapsinghd665@gmail.com",
    "address_line_1": "Keshav Vihar Colony, Dhanipur, Aligarh",
    "address_line_2": "9D/190, Chitrakoot",
    "country": "India",
    "state": "Rajasthan",
    "city": "Aligarh",
    "order_note": "ew jhqkdcd cghxa",
    "order_total": 2040.0,
    "tax": 40.0,
    "status": "New",
    "ip": "127.0.0.1",
    "is_ordered": false,
    "created_at": "2025-06-04T11:19:39.672Z",
    "updated_at": "2025-06-04T11:19:39.680Z"
  }
},
{
  "model": "orders.order",
  "pk": 3,
  "fields": {
    "user": [
      "pratapsinghd665@gmail.com"
    ],
    "payment": null,
    "order_number": "202506053",
    "first_name": "Dhananjay",
    "last_name": "Singh",
    "phone": "9997863901",
    "email": "pratapsinghd665@gmail.com",
    "address_line_1": "Chitrakoot",
    "address_line_2": "Keshav Marg",
    "country": "India",
    "state": "Rajasthan",
    "city": "Jaipur",
    "order_note": "xhcjvhyudtsrtzgchvj",
    "order_total": 2448.0,
    "tax": 48.0,
    "status": "New",
    "ip": "127.0.0.1",
    "is_ordered": false,
    "created_at": "2025-06-05T05:35:07.578Z",
    "updated_at": "2025-06-05T05:35:07.587Z"
  }
},
{
  "model": "orders.order",
  "pk": 4,
  "fields": {
    "user": [
      "pratapsinghd665@gmail.com"
    ],
    "payment": null,
    "order_number": "202506054",
    "first_name": "Dhananjay",
    "last_name": "Singh",
    "phone": "9997863901",
    "email": "pratapsinghd665@gmail.com",
    "address_line_1": "Chitrakoot",
    "address_line_2": "Keshav Marg",
    "country": "India",
    "state": "Rajasthan",
    "city": "Jaipur",
    "order_note": "xhcjvhyudtsrtzgchvj",
    "order_total": 2448.0,
    "tax": 48.0,
    "status": "New",
    "ip": "127.0.0.1",
    "is_ordered": false,
    "created_at": "2025-06-05T05:35:26.158Z",
    "updated_at": "2025-06-05T05:35:26.183Z"
  }
},
{
  "model": "orders.order",
  "pk": 5,
  "fields": {
    "user": [
      "root@gmail.com"
    ],
    "payment": null,
    "order_number": "202506055",
    "first_name": "Dhananjay",
    "last_name": "Singh",
    "phone": "9997863901",
    "email": "pratapsinghd665@gmail.com",
    "address_line_1": "Chitrakoot",
    "address_line_2": "Keshav Marg",
    "country": "India",
    "state": "Rajasthan",
    "city": "Jaipur",
    "order_note": "xhcjvhyudtsrtzgchvj",
    "order_total": 2040.0,
    "tax": 40.0,
    "status": "New",
    "ip": "127.0.0.1",
    "is_ordered": false,
    "created_at": "2025-06-05T05:49:39.947Z",
    "updated_at": "2025-06-05T05:49:39.955Z"
  }
},
{
  "model": "orders.order",
  "pk": 6,
  "fields": {
    "user": [
      "root@gmail.com"
    ],
    "payment": null,
    "order_number": "202507016",
    "first_name": "Dhananjay",
    "last_name": "Pratap Singh",
    "phone": "09997863901",
    "email": "pratapsinghd665@gmail.com",
    "address_line_1": "Keshav Vihar Colony",
    "address_line_2": "",
    "country": "India",
    "state": "Rajasthan",
    "city": "Jaipur",
    "order_note": "",
    "order_total": 3568.98,
    "tax": 69.98,
    "status": "New",
    "ip": "127.0.0.1",
    "is_ordered": false,
    "created_at": "2025-07-01T05:42:20.700Z",
    "updated_at": "2025-07-01T05:42:20.711Z"
  }
},
{
  "model": "orders.order",
  "pk": 7,
  "fields": {
    "user": [
      "root@gmail.com"
    ],
    "payment": 2,
    "order_number": "202507017",
    "first_name": "Dhananjay",
    "last_name": "Pratap Singh",
    "phone": "09997863901",
    "email": "pratapsinghd665@gmail.com",
    "address_line_1": "Keshav Vihar Colony",
    "address_line_2": "",
    "country": "India",
    "state": "Rajasthan",
    "city": "Jaipur",
    "order_note": "",
    "order_total": 3568.98,
    "tax": 69.98,
    "status": "New",
    "ip": "127.0.0.1",
    "is_ordered": true,
    "created_at": "2025-07-01T06:03:27.375Z",
    "updated_at": "2025-07-01T06:03:33.585Z"
  }
},
{
  "model": "orders.order",
  "pk": 8,
  "fields": {
    "user": [
      "root@gmail.com"
    ],
    "payment": 3,
    "order_number": "202507018",
    "first_name": "Dhananjay",
    "last_name": "Pratap Singh",
    "phone": "09997863901",
    "email": "pratapsinghd665@gmail.com",
    "address_line_1": "Chitrakoot Sharma PG",
    "address_line_2": "9D/190, Chitrakoot",
    "country": "India",
    "state": "Rajasthan",
    "city": "Jaipur",
    "order_note": "",
    "order_total": 2040.0,
    "tax": 40.0,
    "status": "New",
    "ip": "127.0.0.1",
    "is_ordered": true,
    "created_at": "2025-07-01T06:08:39.475Z",
    "updated_at": "2025-07-01T06:08:48.066Z"
  }
},
{
  "model": "orders.order",
  "pk": 9,
  "fields": {
    "user": [
      "pratapsinghd665@gmail.com"
    ],
    "payment": 4,
    "order_number": "202507019",
    "first_name": "Dhananjay",
    "last_name": "Singh",
    "phone": "9997863901",
    "email": "pratapsinghd665@gmail.com",
    "address_line_1": "123",
    "address_line_2": "",
    "country": "India",
    "state": "Rajasthan",
    "city": "Jaipur",
    "order_note": "",
    "order_total": 2448.0,
    "tax": 48.0,
    "status": "New",
    "ip": "127.0.0.1",
    "is_ordered": true,
    "created_at": "2025-07-01T06:21:20.719Z",
    "updated_at": "2025-07-01T06:21:27.128Z"
  }
},
{
  "model": "orders.order",
  "pk": 10,
  "fields": {
    "user": [
      "pratapdhananjay738@gmail.com"
    ],
    "payment": 5,
    "order_number": "2025070110",
    "first_name": "Dhananjay",
    "last_name": "Pratap Singh",
    "phone": "9997863901",
    "email": "pratapdhananjay738@gmail.com",
    "address_line_1": "Chitrakoot Sharma PG",
    "address_line_2": "9D/190, Chitrakoot",
    "country": "India",
    "state": "Rajasthan",
    "city": "Jaipur",
    "order_note": "",
    "order_total": 2040.0,
    "tax": 40.0,
    "status": "Completed",
    "ip": "127.0.0.1",
    "is_ordered": true,
    "created_at": "2025-07-01T06:32:26.770Z",
    "updated_at": "2025-07-01T07:02:14.293Z"
  }
},
{
  "model": "orders.order",
  "pk": 11,
  "fields": {
    "user": [
      "root@gmail.com"
    ],
    "payment": null,
    "order_number": "2025070211",
    "first_name": "Dhananjay",
    "last_name": "Pratap Singh",
    "phone": "9997863901",
    "email": "pratapsinghd665@gmail.com",
    "address_line_1": "Chitrakoot Sharma PG",
    "address_line_2": "9D/190, Chitrakoot",
    "country": "India",
    "state": "Rajasthan",
    "city": "Jaipur",
    "order_note": "",
    "order_total": 3772.98,
    "tax": 73.98,
    "status": "New",
    "ip": "127.0.0.1",
    "is_ordered": false,
    "created_at": "2025-07-02T07:31:01.792Z",
    "updated_at": "2025-07-02T07:31:01.802Z"
  }
},
{
  "model": "orders.order",
  "pk": 12,
  "fields": {
    "user": [
      "root@gmail.com"
    ],
    "payment": 6,
    "order_number": "2025070312",
    "first_name": "Dhananjay",
    "last_name": "Pratap Singh",
    "phone": "09997863901",
    "email": "pratapsinghd665@gmail.com",
    "address_line_1": "Keshav Vihar Colony, Dhanipur, Aligarh",
    "address_line_2": "",
    "country": "India",
    "state": "Rajasthan",
    "city": "Aligarh",
    "order_note": "",
    "order_total": 10200.0,
    "tax": 200.0,
    "status": "New",
    "ip": "127.0.0.1",
    "is_ordered": true,
    "created_at": "2025-07-03T04:50:54.535Z",
    "updated_at": "2025-07-03T04:51:16.334Z"
  }
},
{
  "model": "orders.order",
  "pk": 13,
  "fields": {
    "user": null,
    "payment": null,
    "order_number": "2025070313",
    "first_name": "Dhananjay",
    "last_name": "Pratap Singh",
    "phone": "09997863901",
    "email": "pratapsinghd665@gmail.com",
    "address_line_1": "Chitrakoot Sharma PG",
    "address_line_2": "9D/190, Chitrakoot",
    "country": "India",
    "state": "Rajasthan",
    "city": "Jaipur",
    "order_note": "",
    "order_total": 6120.0,
    "tax": 120.0,
    "status": "New",
    "ip": "127.0.0.1",
    "is_ordered": true,
    "created_at": "2025-07-03T09:48:05.693Z",
    "updated_at": "2025-07-03T09:48:13.305Z"
  }
},
{
  "model": "orders.order",
  "pk": 14,
  "fields": {
    "user": null,
    "payment": null,
    "order_number": "2025070314",
    "first_name": "Dhananjay",
    "last_name": "Pratap Singh",
    "phone": "9997863901",
    "email": "pratapsinghd665@gmail.com",
    "address_line_1": "Chitrakoot Sharma PG",
    "address_line_2": "9D/190, Chitrakoot",
    "country": "India",
    "state": "Rajasthan",
    "city": "Jaipur",
    "order_note": "",
    "order_total": 2448.0,
    "tax": 48.0,
    "status": "New",
    "ip": "127.0.0.1",
    "is_ordered": false,
    "created_at": "2025-07-03T10:03:41.453Z",
    "updated_at": "2025-07-03T10:03:41.459Z"
  }
},
{
  "model": "orders.order",
  "pk": 15,
  "fields": {
    "user": null,
    "payment": null,
    "order_number": "2025070315",
    "first_name": "Dhananjay",
    "last_name": "Pratap Singh",
    "phone": "9997863901",
    "email": "pratapsinghd665@gmail.com",
    "address_line_1": "Chitrakoot Sharma PG",
    "address_line_2": "9D/190, Chitrakoot",
    "country": "India",
    "state": "Rajasthan",
    "city": "Jaipur",
    "order_note": "",
    "order_total": 2448.0,
    "tax": 48.0,
    "status": "New",
    "ip": "127.0.0.1",
    "is_ordered": false,
    "created_at": "2025-07-03T10:04:14.126Z",
    "updated_at": "2025-07-03T10:04:14.133Z"
  }
},
{
  "model": "orders.order",
  "pk": 16,
  "fields": {
    "user": null,
    "payment": null,
    "order_number": "2025070316",
    "first_name": "Dhananjay",
    "last_name": "Pratap Singh",
    "phone": "9997863901",
    "email": "pratapsinghd665@gmail.com",
    "address_line_1": "Chitrakoot Sharma PG",
    "address_line_2": "9D/190, Chitrakoot",
    "country": "India",
    "state": "Rajasthan",
    "city": "Jaipur",
    "order_note": "",
    "order_total": 2448.0,
    "tax": 48.0,
    "status": "New",
    "ip": "127.0.0.1",
    "is_ordered": false,
    "created_at": "2025-07-03T10:10:19.769Z",
    "updated_at": "2025-07-03T10:10:19.776Z"
  }
},
{
  "model": "orders.order",
  "pk": 17,
  "fields": {
    "user": null,
    "payment": null,
    "order_number": "2025070317",
    "first_name": "Dhananjay",
    "last_name": "Pratap Singh",
    "phone": "09997863901",
    "email": "pratapsinghd665@gmail.com",
    "address_line_1": "Chitrakoot Sharma PG",
    "address_line_2": "9D/190, Chitrakoot",
    "country": "India",
    "state": "Rajasthan",
    "city": "Jaipur",
    "order_note": "",
    "order_total": 2448.0,
    "tax": 48.0,
    "status": "New",
    "ip": "127.0.0.1",
    "is_ordered": false,
    "created_at": "2025-07-03T10:10:32.878Z",
    "updated_at": "2025-07-03T10:10:32.883Z"
  }
},
{
  "model": "orders.order",
  "pk": 18,
  "fields": {
    "user": null,
    "payment": null,
    "order_number": "2025070318",
    "first_name": "Dhananjay",
    "last_name": "Pratap Singh",
    "phone": "9997863901",
    "email": "pratapsinghd665@gmail.com",
    "address_line_1": "Chitrakoot Sharma PG",
    "address_line_2": "9D/190, Chitrakoot",
    "country": "India",
    "state": "Rajasthan",
    "city": "Jaipur",
    "order_note": "",
    "order_total": 2448.0,
    "tax": 48.0,
    "status": "New",
    "ip": "127.0.0.1",
    "is_ordered": false,
    "created_at": "2025-07-03T10:11:10.634Z",
    "updated_at": "2025-07-03T10:11:10.640Z"
  }
},
{
  "model": "orders.order",
  "pk": 19,
  "fields": {
    "user": null,
    "payment": null,
    "order_number": "2025070319",
    "first_name": "Dhananjay",
    "last_name": "Pratap Singh",
    "phone": "9997863901",
    "email": "pratapsinghd665@gmail.com",
    "address_line_1": "Chitrakoot Sharma PG",
    "address_line_2": "9D/190, Chitrakoot",
    "country": "India",
    "state": "Rajasthan",
    "city": "Jaipur",
    "order_note": "",
    "order_total": 408.0,
    "tax": 8.0,
    "status": "New",
    "ip": "127.0.0.1",
    "is_ordered": false,
    "created_at": "2025-07-03T10:29:38.852Z",
    "updated_at": "2025-07-03T10:29:38.860Z"
  }
},
{
  "model": "orders.order",
  "pk": 20,
  "fields": {
    "user": null,
    "payment": null,
    "order_number": "2025070320",
    "first_name": "Dhananjay",
    "last_name": "Pratap Singh",
    "phone": "9997863901",
    "email": "pratapsinghd665@gmail.com",
    "address_line_1": "Chitrakoot Sharma PG",
    "address_line_2": "9D/190, Chitrakoot",
    "country": "India",
    "state": "Rajasthan",
    "city": "Jaipur",
    "order_note": "",
    "order_total": 408.0,
    "tax": 8.0,
    "status": "New",
    "ip": "127.0.0.1",
    "is_ordered": true,
    "created_at": "2025-07-03T10:29:54.580Z",
    "updated_at": "2025-07-03T10:29:58.154Z"
  }
},
{
  "model": "orders.order",
  "pk": 21,
  "fields": {
    "user": null,
    "payment": null,
    "order_number": "2025070321",
    "first_name": "Dhananjay",
    "last_name": "Pratap Singh",
    "phone": "9997863901",
    "email": "pratapsinghd665@gmail.com",
    "address_line_1": "Chitrakoot Sharma PG",
    "address_line_2": "9D/190, Chitrakoot",
    "country": "India",
    "state": "Rajasthan",
    "city": "Jaipur",
    "order_note": "",
    "order_total": 2040.0,
    "tax": 40.0,
    "status": "New",
    "ip": "127.0.0.1",
    "is_ordered": true,
    "created_at": "2025-07-03T10:46:39.315Z",
    "updated_at": "2025-07-03T10:46:46.010Z"
  }
},
{
  "model": "orders.order",
  "pk": 22,
  "fields": {
    "user": null,
    "payment": null,
    "order_number": "2025070322",
    "first_name": "Dhananjay",
    "last_name": "Pratap Singh",
    "phone": "09997863901",
    "email": "pratapsinghd665@gmail.com",
    "address_line_1": "Chitrakoot Sharma PG",
    "address_line_2": "9D/190, Chitrakoot",
    "country": "India",
    "state": "Rajasthan",
    "city": "Jaipur",
    "order_note": "",
    "order_total": 2040.0,
    "tax": 40.0,
    "status": "New",
    "ip": "127.0.0.1",
    "is_ordered": true,
    "created_at": "2025-07-03T11:11:19.928Z",
    "updated_at": "2025-07-03T11:11:23.365Z"
  }
},
{
  "model": "orders.order",
  "pk": 23,
  "fields": {
    "user": null,
    "payment": null,
    "order_number": "2025070423",
    "first_name": "Dhananjay",
    "last_name": "Pratap Singh",
    "phone": "09997863901",
    "email": "pratapsinghd665@gmail.com",
    "address_line_1": "Chitrakoot Sharma PG",
    "address_line_2": "9D/190, Chitrakoot",
    "country": "India",
    "state": "Rajasthan",
    "city": "Jaipur",
    "order_note": "",
    "order_total": 6120.0,
    "tax": 120.0,
    "status": "New",
    "ip": "127.0.0.1",
    "is_ordered": false,
    "created_at": "2025-07-04T05:00:22.919Z",
    "updated_at": "2025-07-04T05:00:22.931Z"
  }
},
{
  "model": "orders.order",
  "pk": 24,
  "fields": {
    "user": [
      "root@gmail.com"
    ],
    "payment": 11,
    "order_number": "2025070424",
    "first_name": "Dhananjay",
    "last_name": "Pratap Singh",
    "phone": "09997863901",
    "email": "pratapsinghd665@gmail.com",
    "address_line_1": "Keshav Vihar Colony, Dhanipur, Aligarh",
    "address_line_2": "",
    "country": "India",
    "state": "Rajasthan",
    "city": "Aligarh",
    "order_note": "",
    "order_total": 2040.0,
    "tax": 40.0,
    "status": "New",
    "ip": "127.0.0.1",
    "is_ordered": true,
    "created_at": "2025-07-04T06:15:52.625Z",
    "updated_at": "2025-07-04T06:15:57.777Z"
  }
},
{
  "model": "orders.order",
  "pk": 25,
  "fields": {
    "user": [
      "root@gmail.com"
    ],
    "payment": null,
    "order_number": "2025070425",
    "first_name": "Dhananjay",
    "last_name": "Pratap Singh",
    "phone": "09997863901",
    "email": "pratapsinghd665@gmail.com",
    "address_line_1": "Keshav Vihar Colony, Dhanipur, Aligarh",
    "address_line_2": "",
    "country": "India",
    "state": "Rajasthan",
    "city": "Aligarh",
    "order_note": "",
    "order_total": 0.0,
    "tax": 0.0,
    "status": "New",
    "ip": "127.0.0.1",
    "is_ordered": false,
    "created_at": "2025-07-04T06:23:26.636Z",
    "updated_at": "2025-07-04T06:23:26.668Z"
  }
},
{
  "model": "orders.order",
  "pk": 26,
  "fields": {
    "user": null,
    "payment": null,
    "order_number": "2025070426",
    "first_name": "Dhananjay",
    "last_name": "Pratap Singh",
    "phone": "9997863901",
    "email": "pratapsinghd665@gmail.com",
    "address_line_1": "Chitrakoot Sharma PG",
    "address_line_2": "9D/190, Chitrakoot",
    "country": "India",
    "state": "Rajasthan",
    "city": "Jaipur",
    "order_note": "",
    "order_total": 1936.98,
    "tax": 37.98,
    "status": "New",
    "ip": "127.0.0.1",
    "is_ordered": true,
    "created_at": "2025-07-04T10:26:06.707Z",
    "updated_at": "2025-07-04T10:26:12.751Z"
  }
},
{
  "model": "orders.order",
  "pk": 27,
  "fields": {
    "user": null,
    "payment": null,
    "order_number": "2025070427",
    "first_name": "Dhananjay",
    "last_name": "Pratap Singh",
    "phone": "09997863901",
    "email": "pratapsinghd665@gmail.com",
    "address_line_1": "Chitrakoot Sharma PG",
    "address_line_2": "9D/190, Chitrakoot",
    "country": "India",
    "state": "Rajasthan",
    "city": "Jaipur",
    "order_note": "",
    "order_total": 1936.98,
    "tax": 37.98,
    "status": "New",
    "ip": "127.0.0.1",
    "is_ordered": true,
    "created_at": "2025-07-04T10:26:36.536Z",
    "updated_at": "2025-07-04T10:26:40.996Z"
  }
},
{
  "model": "orders.order",
  "pk": 28,
  "fields": {
    "user": null,
    "payment": null,
    "order_number": "2025070428",
    "first_name": "Dhananjay",
    "last_name": "Pratap Singh",
    "phone": "09997863901",
    "email": "pratapsinghd665@gmail.com",
    "address_line_1": "Keshav Vihar Colony, Dhanipur, Aligarh",
    "address_line_2": "",
    "country": "India",
    "state": "Rajasthan",
    "city": "Aligarh",
    "order_note": "",
    "order_total": 1528.98,
    "tax": 29.98,
    "status": "New",
    "ip": "127.0.0.1",
    "is_ordered": true,
    "created_at": "2025-07-04T10:30:22.533Z",
    "updated_at": "2025-07-04T10:30:29.390Z"
  }
},
{
  "model": "orders.order",
  "pk": 29,
  "fields": {
    "user": null,
    "payment": null,
    "order_number": "2025070429",
    "first_name": "Dhananjay",
    "last_name": "Pratap Singh",
    "phone": "09997863901",
    "email": "pratapsinghd665@gmail.com",
    "address_line_1": "Keshav Vihar Colony, Dhanipur, Aligarh",
    "address_line_2": "",
    "country": "India",
    "state": "Rajasthan",
    "city": "Aligarh",
    "order_note": "",
    "order_total": 0.0,
    "tax": 0.0,
    "status": "New",
    "ip": "127.0.0.1",
    "is_ordered": false,
    "created_at": "2025-07-04T10:31:09.886Z",
    "updated_at": "2025-07-04T10:31:09.895Z"
  }
},
{
  "model": "orders.order",
  "pk": 30,
  "fields": {
    "user": null,
    "payment": null,
    "order_number": "2025070430",
    "first_name": "Dhananjay",
    "last_name": "Pratap Singh",
    "phone": "09997863901",
    "email": "pratapsinghd665@gmail.com",
    "address_line_1": "Keshav Vihar Colony, Dhanipur, Aligarh",
    "address_line_2": "",
    "country": "India",
    "state": "Rajasthan",
    "city": "Aligarh",
    "order_note": "",
    "order_total": 1528.98,
    "tax": 29.98,
    "status": "New",
    "ip": "127.0.0.1",
    "is_ordered": true,
    "created_at": "2025-07-04T10:31:20.844Z",
    "updated_at": "2025-07-04T10:31:25.131Z"
  }
},
{
  "model": "orders.order",
  "pk": 31,
  "fields": {
    "user": null,
    "payment": null,
    "order_number": "2025070431",
    "first_name": "Dhananjay",
    "last_name": "Pratap Singh",
    "phone": "09997863901",
    "email": "pratapsinghd665@gmail.com",
    "address_line_1": "Keshav Vihar Colony, Dhanipur, Aligarh",
    "address_line_2": "",
    "country": "India",
    "state": "Rajasthan",
    "city": "Aligarh",
    "order_note": "",
    "order_total": 2040.0,
    "tax": 40.0,
    "status": "New",
    "ip": "127.0.0.1",
    "is_ordered": true,
    "created_at": "2025-07-04T10:32:50.981Z",
    "updated_at": "2025-07-04T10:32:56.906Z"
  }
},
{
  "model": "orders.order",
  "pk": 32,
  "fields": {
    "user": null,
    "payment": null,
    "order_number": "2025070432",
    "first_name": "Dhananjay",
    "last_name": "Pratap Singh",
    "phone": "09997863901",
    "email": "pratapsinghd665@gmail.com",
    "address_line_1": "Chitrakoot Sharma PG",
    "address_line_2": "9D/190, Chitrakoot",
    "country": "India",
    "state": "Rajasthan",
    "city": "Jaipur",
    "order_note": "",
    "order_total": 1528.98,
    "tax": 29.98,
    "status": "New",
    "ip": "127.0.0.1",
    "is_ordered": true,
    "created_at": "2025-07-04T10:39:59.441Z",
    "updated_at": "2025-07-04T10:40:04.593Z"
  }
},
{
  "model": "orders.order",
  "pk": 33,
  "fields": {
    "user": null,
    "payment": null,
    "order_number": "2025070433",
    "first_name": "Dhananjay",
    "last_name": "Pratap Singh",
    "phone": "09997863901",
    "email": "pratapsinghd665@gmail.com",
    "address_line_1": "Chitrakoot Sharma PG",
    "address_line_2": "9D/190, Chitrakoot",
    "country": "India",
    "state": "Rajasthan",
    "city": "Jaipur",
    "order_note": "",
    "order_total": 0.0,
    "tax": 0.0,
    "status": "New",
    "ip": "127.0.0.1",
    "is_ordered": false,
    "created_at": "2025-07-04T10:50:50.247Z",
    "updated_at": "2025-07-04T10:50:50.254Z"
  }
},
{
  "model": "orders.order",
  "pk": 34,
  "fields": {
    "user": null,
    "payment": null,
    "order_number": "2025070434",
    "first_name": "Dhananjay",
    "last_name": "Pratap Singh",
    "phone": "09997863901",
    "email": "pratapsinghd665@gmail.com",
    "address_line_1": "Keshav Vihar Colony, Dhanipur, Aligarh",
    "address_line_2": "",
    "country": "India",
    "state": "Rajasthan",
    "city": "Aligarh",
    "order_note": "",
    "order_total": 408.0,
    "tax": 8.0,
    "status": "New",
    "ip": "127.0.0.1",
    "is_ordered": true,
    "created_at": "2025-07-04T10:51:08.164Z",
    "updated_at": "2025-07-04T10:51:12.345Z"
  }
},
{
  "model": "orders.order",
  "pk": 35,
  "fields": {
    "user": null,
    "payment": null,
    "order_number": "2025070435",
    "first_name": "Dhananjay",
    "last_name": "Pratap Singh",
    "phone": "09997863901",
    "email": "pratapsinghd665@gmail.com",
    "address_line_1": "Keshav Vihar Colony, Dhanipur, Aligarh",
    "address_line_2": "",
    "country": "India",
    "state": "Rajasthan",
    "city": "Aligarh",
    "order_note": "",
    "order_total": 0.0,
    "tax": 0.0,
    "status": "New",
    "ip": "127.0.0.1",
    "is_ordered": false,
    "created_at": "2025-07-04T10:53:15.491Z",
    "updated_at": "2025-07-04T10:53:15.500Z"
  }
},
{
  "model": "orders.order",
  "pk": 36,
  "fields": {
    "user": null,
    "payment": null,
    "order_number": "2025070436",
    "first_name": "Dhananjay",
    "last_name": "Pratap Singh",
    "phone": "09997863901",
    "email": "pratapsinghd665@gmail.com",
    "address_line_1": "Keshav Vihar Colony, Dhanipur, Aligarh",
    "address_line_2": "",
    "country": "India",
    "state": "Rajasthan",
    "city": "Aligarh",
    "order_note": "",
    "order_total": 1528.98,
    "tax": 29.98,
    "status": "New",
    "ip": "127.0.0.1",
    "is_ordered": true,
    "created_at": "2025-07-04T10:58:57.812Z",
    "updated_at": "2025-07-04T10:59:02.117Z"
  }
},
{
  "model": "orders.order",
  "pk": 37,
  "fields": {
    "user": null,
    "payment": null,
    "order_number": "2025070437",
    "first_name": "Dhananjay",
    "last_name": "Pratap Singh",
    "phone": "09997863901",
    "email": "pratapsinghd665@gmail.com",
    "address_line_1": "Keshav Vihar Colony, Dhanipur, Aligarh",
    "address_line_2": "",
    "country": "India",
    "state": "Rajasthan",
    "city": "Aligarh",
    "order_note": "",
    "order_total": 1528.98,
    "tax": 29.98,
    "status": "New",
    "ip": "127.0.0.1",
    "is_ordered": true,
    "created_at": "2025-07-04T11:04:34.621Z",
    "updated_at": "2025-07-04T11:04:39.273Z"
  }
},
{
  "model": "orders.order",
  "pk": 38,
  "fields": {
    "user": null,
    "payment": null,
    "order_number": "2025070438",
    "first_name": "Dhananjay",
    "last_name": "Pratap Singh",
    "phone": "09997863901",
    "email": "pratapsinghd665@gmail.com",
    "address_line_1": "Keshav Vihar Colony, Dhanipur, Aligarh",
    "address_line_2": "",
    "country": "India",
    "state": "Rajasthan",
    "city": "Aligarh",
    "order_note": "",
    "order_total": 2448.0,
    "tax": 48.0,
    "status": "New",
    "ip": "127.0.0.1",
    "is_ordered": true,
    "created_at": "2025-07-04T11:04:57.274Z",
    "updated_at": "2025-07-04T11:05:07.435Z"
  }
},
{
  "model": "orders.order",
  "pk": 39,
  "fields": {
    "user": [
      "pratapsinghd665@gmail.com"
    ],
    "payment": 22,
    "order_number": "2025070439",
    "first_name": "Dhananjay",
    "last_name": "Pratap Singh",
    "phone": "09997863901",
    "email": "pratapsinghd665@gmail.com",
    "address_line_1": "Keshav Vihar Colony, Dhanipur, Aligarh",
    "address_line_2": "",
    "country": "India",
    "state": "Rajasthan",
    "city": "Aligarh",
    "order_note": "",
    "order_total": 2040.0,
    "tax": 40.0,
    "status": "New",
    "ip": "127.0.0.1",
    "is_ordered": true,
    "created_at": "2025-07-04T11:13:05.429Z",
    "updated_at": "2025-07-04T11:13:09.293Z"
  }
},
{
  "model": "orders.order",
  "pk": 40,
  "fields": {
    "user": [
      "pratapsinghd665@gmail.com"
    ],
    "payment": null,
    "order_number": "2025070440",
    "first_name": "Dhananjay",
    "last_name": "Pratap Singh",
    "phone": "09997863901",
    "email": "pratapsinghd665@gmail.com",
    "address_line_1": "Keshav Vihar Colony, Dhanipur, Aligarh",
    "address_line_2": "",
    "country": "India",
    "state": "Rajasthan",
    "city": "Aligarh",
    "order_note": "",
    "order_total": 2040.0,
    "tax": 40.0,
    "status": "New",
    "ip": "127.0.0.1",
    "is_ordered": false,
    "created_at": "2025-07-04T11:45:10.507Z",
    "updated_at": "2025-07-04T11:45:10.515Z"
  }
},
{
  "model": "orders.order",
  "pk": 41,
  "fields": {
    "user": [
      "root@gmail.com"
    ],
    "payment": null,
    "order_number": "2025070841",
    "first_name": "Dhananjay",
    "last_name": "Pratap Singh",
    "phone": "09997863901",
    "email": "pratapsinghd665@gmail.com",
    "address_line_1": "Keshav Vihar Colony, Dhanipur, Aligarh",
    "address_line_2": "",
    "country": "India",
    "state": "Rajasthan",
    "city": "Aligarh",
    "order_note": "",
    "order_total": 2040.0,
    "tax": 40.0,
    "status": "New",
    "ip": "127.0.0.1",
    "is_ordered": false,
    "created_at": "2025-07-08T04:26:06.141Z",
    "updated_at": "2025-07-08T04:26:06.151Z"
  }
},
{
  "model": "orders.order",
  "pk": 42,
  "fields": {
    "user": [
      "root@gmail.com"
    ],
    "payment": null,
    "order_number": "",
    "first_name": "Dhananjay",
    "last_name": "Pratap Singh",
    "phone": "9997863901",
    "email": "root@gmail.com",
    "address_line_1": "Chitrakoot Sharma PG",
    "address_line_2": "9D/190, Chitrakoot",
    "country": "India",
    "state": "Rajasthan",
    "city": "Jaipur",
    "order_note": "",
    "order_total": 0.0,
    "tax": 0.0,
    "status": "New",
    "ip": "127.0.0.1",
    "is_ordered": false,
    "created_at": "2025-07-08T04:41:14.538Z",
    "updated_at": "2025-07-08T04:41:14.538Z"
  }
},
{
  "model": "orders.order",
  "pk": 43,
  "fields": {
    "user": [
      "root@gmail.com"
    ],
    "payment": null,
    "order_number": "",
    "first_name": "Dhananjay",
    "last_name": "Pratap Singh",
    "phone": "9997863901",
    "email": "root@gmail.com",
    "address_line_1": "Keshav Vihar Colony, Dhanipur, Aligarh",
    "address_line_2": "",
    "country": "India",
    "state": "Uttar Pradesh",
    "city": "Aligarh",
    "order_note": "",
    "order_total": 0.0,
    "tax": 0.0,
    "status": "New",
    "ip": "127.0.0.1",
    "is_ordered": false,
    "created_at": "2025-07-08T04:41:20.087Z",
    "updated_at": "2025-07-08T04:41:20.087Z"
  }
},
{
  "model": "orders.order",
  "pk": 44,
  "fields": {
    "user": [
      "root@gmail.com"
    ],
    "payment": null,
    "order_number": "",
    "first_name": "Dhananjay",
    "last_name": "Pratap Singh",
    "phone": "9997863901",
    "email": "root@gmail.com",
    "address_line_1": "Keshav Vihar Colony, Dhanipur, Aligarh",
    "address_line_2": "",
    "country": "India",
    "state": "Uttar Pradesh",
    "city": "Aligarh",
    "order_note": "",
    "order_total": 0.0,
    "tax": 0.0,
    "status": "New",
    "ip": "127.0.0.1",
    "is_ordered": false,
    "created_at": "2025-07-08T04:41:24.262Z",
    "updated_at": "2025-07-08T04:41:24.263Z"
  }
},
{
  "model": "orders.order",
  "pk": 45,
  "fields": {
    "user": [
      "root@gmail.com"
    ],
    "payment": null,
    "order_number": "",
    "first_name": "Dhananjay",
    "last_name": "Pratap Singh",
    "phone": "9997863901",
    "email": "root@gmail.com",
    "address_line_1": "Chitrakoot Sharma PG",
    "address_line_2": "9D/190, Chitrakoot",
    "country": "India",
    "state": "Rajasthan",
    "city": "Jaipur",
    "order_note": "",
    "order_total": 0.0,
    "tax": 0.0,
    "status": "New",
    "ip": "127.0.0.1",
    "is_ordered": false,
    "created_at": "2025-07-08T04:41:30.781Z",
    "updated_at": "2025-07-08T04:41:30.781Z"
  }
},
{
  "model": "orders.order",
  "pk": 46,
  "fields": {
    "user": [
      "pratapsinghd665@gmail.com"
    ],
    "payment": null,
    "order_number": "",
    "first_name": "Dhananjay",
    "last_name": "Pratap Singh",
    "phone": "9997863901",
    "email": "pratapsinghd665@gmail.com",
    "address_line_1": "Keshav Vihar Colony, Dhanipur, Aligarh",
    "address_line_2": "",
    "country": "India",
    "state": "Uttar Pradesh",
    "city": "Aligarh",
    "order_note": "",
    "order_total": 0.0,
    "tax": 0.0,
    "status": "New",
    "ip": "127.0.0.1",
    "is_ordered": false,
    "created_at": "2025-07-08T04:43:38.398Z",
    "updated_at": "2025-07-08T04:43:38.398Z"
  }
},
{
  "model": "orders.order",
  "pk": 47,
  "fields": {
    "user": [
      "pratapsinghd665@gmail.com"
    ],
    "payment": null,
    "order_number": "",
    "first_name": "Dhananjay",
    "last_name": "Pratap Singh",
    "phone": "9997863901",
    "email": "pratapsinghd665@gmail.com",
    "address_line_1": "Keshav Vihar Colony, Dhanipur, Aligarh",
    "address_line_2": "",
    "country": "India",
    "state": "Uttar Pradesh",
    "city": "Aligarh",
    "order_note": "",
    "order_total": 0.0,
    "tax": 0.0,
    "status": "New",
    "ip": "127.0.0.1",
    "is_ordered": false,
    "created_at": "2025-07-08T04:43:45.919Z",
    "updated_at": "2025-07-08T04:43:45.919Z"
  }
},
{
  "model": "orders.order",
  "pk": 48,
  "fields": {
    "user": null,
    "payment": null,
    "order_number": "2025070848",
    "first_name": "Dhananjay",
    "last_name": "Pratap Singh",
    "phone": "9997863901",
    "email": "",
    "address_line_1": "Chitrakoot Sharma PG",
    "address_line_2": "9D/190, Chitrakoot",
    "country": "India",
    "state": "Rajasthan",
    "city": "Jaipur",
    "order_note": "",
    "order_total": 2040.0,
    "tax": 40.0,
    "status": "New",
    "ip": "127.0.0.1",
    "is_ordered": false,
    "created_at": "2025-07-08T04:56:02.349Z",
    "updated_at": "2025-07-08T04:56:02.356Z"
  }
},
{
  "model": "orders.order",
  "pk": 49,
  "fields": {
    "user": [
      "root@gmail.com"
    ],
    "payment": null,
    "order_number": "2025070849",
    "first_name": "Dhananjay",
    "last_name": "Pratap Singh",
    "phone": "9997863901",
    "email": "root@gmail.com",
    "address_line_1": "Keshav Vihar Colony, Dhanipur, Aligarh",
    "address_line_2": "",
    "country": "India",
    "state": "Uttar Pradesh",
    "city": "Aligarh",
    "order_note": "",
    "order_total": 2040.0,
    "tax": 40.0,
    "status": "New",
    "ip": "127.0.0.1",
    "is_ordered": false,
    "created_at": "2025-07-08T05:01:08.680Z",
    "updated_at": "2025-07-08T05:01:08.688Z"
  }
},
{
  "model": "orders.order",
  "pk": 50,
  "fields": {
    "user": [
      "root@gmail.com"
    ],
    "payment": null,
    "order_number": "2025070850",
    "first_name": "Dhananjay",
    "last_name": "Pratap Singh",
    "phone": "9997863901",
    "email": "root@gmail.com",
    "address_line_1": "Keshav Vihar Colony, Dhanipur, Aligarh",
    "address_line_2": "",
    "country": "India",
    "state": "Uttar Pradesh",
    "city": "Aligarh",
    "order_note": "",
    "order_total": 2040.0,
    "tax": 40.0,
    "status": "New",
    "ip": "127.0.0.1",
    "is_ordered": false,
    "created_at": "2025-07-08T05:01:15.920Z",
    "updated_at": "2025-07-08T05:01:15.928Z"
  }
},
{
  "model": "orders.order",
  "pk": 51,
  "fields": {
    "user": [
      "root@gmail.com"
    ],
    "payment": 23,
    "order_number": "2025070851",
    "first_name": "Dhananjay",
    "last_name": "Pratap Singh",
    "phone": "9997863901",
    "email": "root@gmail.com",
    "address_line_1": "Chitrakoot Sharma PG",
    "address_line_2": "9D/190, Chitrakoot",
    "country": "India",
    "state": "Rajasthan",
    "city": "Jaipur",
    "order_note": "",
    "order_total": 2040.0,
    "tax": 40.0,
    "status": "New",
    "ip": "127.0.0.1",
    "is_ordered": true,
    "created_at": "2025-07-08T05:01:20.364Z",
    "updated_at": "2025-07-08T05:01:24.259Z"
  }
},
{
  "model": "orders.order",
  "pk": 52,
  "fields": {
    "user": [
      ""
    ],
    "payment": null,
    "order_number": "2025070852",
    "first_name": "Dhananjay",
    "last_name": "Pratap Singh",
    "phone": "09997863901",
    "email": "",
    "address_line_1": "Chitrakoot Sharma PG",
    "address_line_2": "9D/190, Chitrakoot",
    "country": "India",
    "state": "Rajasthan",
    "city": "Jaipur",
    "order_note": "",
    "order_total": 2040.0,
    "tax": 40.0,
    "status": "New",
    "ip": "127.0.0.1",
    "is_ordered": false,
    "created_at": "2025-07-08T06:12:57.686Z",
    "updated_at": "2025-07-08T06:12:57.694Z"
  }
},
{
  "model": "orders.order",
  "pk": 53,
  "fields": {
    "user": [
      "pratapsinghd665@gmail.com"
    ],
    "payment": null,
    "order_number": "2025070853",
    "first_name": "Jay",
    "last_name": "",
    "phone": "7668250112",
    "email": "pratapsinghd665@gmail.com",
    "address_line_1": "Keshav Vihar Colony",
    "address_line_2": "Dhanipur",
    "country": "India",
    "state": "Uttar Pradesh",
    "city": "Aligarh",
    "order_note": "",
    "order_total": 2040.0,
    "tax": 40.0,
    "status": "New",
    "ip": "127.0.0.1",
    "is_ordered": false,
    "created_at": "2025-07-08T06:36:52.512Z",
    "updated_at": "2025-07-08T06:36:52.521Z"
  }
},
{
  "model": "orders.order",
  "pk": 54,
  "fields": {
    "user": [
      "pratapsinghd665@gmail.com"
    ],
    "payment": null,
    "order_number": "2025070854",
    "first_name": "Dhananjay",
    "last_name": "Pratap Singh",
    "phone": "9997863901",
    "email": "pratapsinghd665@gmail.com",
    "address_line_1": "Keshav Vihar Colony, Dhanipur, Aligarh",
    "address_line_2": "",
    "country": "India",
    "state": "Uttar Pradesh",
    "city": "Aligarh",
    "order_note": "",
    "order_total": 2040.0,
    "tax": 40.0,
    "status": "New",
    "ip": "127.0.0.1",
    "is_ordered": false,
    "created_at": "2025-07-08T06:36:56.667Z",
    "updated_at": "2025-07-08T06:36:56.676Z"
  }
},
{
  "model": "orders.order",
  "pk": 55,
  "fields": {
    "user": [
      "pratapsinghd665@gmail.com"
    ],
    "payment": null,
    "order_number": "2025070855",
    "first_name": "Madhav",
    "last_name": "",
    "phone": "9149252033",
    "email": "pratapsinghd665@gmail.com",
    "address_line_1": "RBS College",
    "address_line_2": "Bichpuri",
    "country": "india",
    "state": "uttar-pradesh",
    "city": "Agra",
    "order_note": "",
    "order_total": 2040.0,
    "tax": 40.0,
    "status": "New",
    "ip": "127.0.0.1",
    "is_ordered": false,
    "created_at": "2025-07-08T10:26:16.512Z",
    "updated_at": "2025-07-08T10:26:16.538Z"
  }
},
{
  "model": "orders.order",
  "pk": 56,
  "fields": {
    "user": [
      "pratapsinghd665@gmail.com"
    ],
    "payment": 24,
    "order_number": "2025070856",
    "first_name": "Madhav",
    "last_name": "",
    "phone": "9149252033",
    "email": "pratapsinghd665@gmail.com",
    "address_line_1": "RBS College",
    "address_line_2": "Bichpuri",
    "country": "india",
    "state": "uttar-pradesh",
    "city": "Agra",
    "order_note": "",
    "order_total": 2040.0,
    "tax": 40.0,
    "status": "New",
    "ip": "127.0.0.1",
    "is_ordered": true,
    "created_at": "2025-07-08T10:26:21.753Z",
    "updated_at": "2025-07-08T10:26:26.394Z"
  }
},
{
  "model": "orders.order",
  "pk": 57,
  "fields": {
    "user": [
      "pratapsinghd665@gmail.com"
    ],
    "payment": 25,
    "order_number": "2025070857",
    "first_name": "Madhav",
    "last_name": "",
    "phone": "9149252033",
    "email": "pratapsinghd665@gmail.com",
    "address_line_1": "RBS College",
    "address_line_2": "Bichpuri",
    "country": "india",
    "state": "uttar-pradesh",
    "city": "Agra",
    "order_note": "",
    "order_total": 2040.0,
    "tax": 40.0,
    "status": "New",
    "ip": "127.0.0.1",
    "is_ordered": true,
    "created_at": "2025-07-08T10:44:12.460Z",
    "updated_at": "2025-07-08T10:44:16.423Z"
  }
},
{
  "model": "orders.order",
  "pk": 58,
  "fields": {
    "user": [
      "pratapsinghd665@gmail.com"
    ],
    "payment": 26,
    "order_number": "2025070858",
    "first_name": "Madhav",
    "last_name": "",
    "phone": "9149252033",
    "email": "pratapsinghd665@gmail.com",
    "address_line_1": "RBS College",
    "address_line_2": "Bichpuri",
    "country": "india",
    "state": "uttar-pradesh",
    "city": "Agra",
    "order_note": "",
    "order_total": 2040.0,
    "tax": 40.0,
    "status": "New",
    "ip": "127.0.0.1",
    "is_ordered": true,
    "created_at": "2025-07-08T10:45:34.214Z",
    "updated_at": "2025-07-08T10:45:38.134Z"
  }
},
{
  "model": "orders.order",
  "pk": 59,
  "fields": {
    "user": [
      "pratapsinghd665@gmail.com"
    ],
    "payment": 27,
    "order_number": "2025070859",
    "first_name": "Madhav",
    "last_name": "",
    "phone": "9149252033",
    "email": "pratapsinghd665@gmail.com",
    "address_line_1": "RBS College",
    "address_line_2": "Bichpuri",
    "country": "india",
    "state": "uttar-pradesh",
    "city": "Agra",
    "order_note": "",
    "order_total": 2040.0,
    "tax": 40.0,
    "status": "New",
    "ip": "127.0.0.1",
    "is_ordered": true,
    "created_at": "2025-07-08T10:50:52.190Z",
    "updated_at": "2025-07-08T10:50:56.416Z"
  }
},
{
  "model": "orders.order",
  "pk": 60,
  "fields": {
    "user": [
      ""
    ],
    "payment": 28,
    "order_number": "2025070860",
    "first_name": "Dhananjay",
    "last_name": "Pratap Singh",
    "phone": "9997863901",
    "email": "",
    "address_line_1": "Chitrakoot Sharma PG",
    "address_line_2": "9D/190, Chitrakoot",
    "country": "india",
    "state": "rajasthan",
    "city": "Jaipur",
    "order_note": "",
    "order_total": 2040.0,
    "tax": 40.0,
    "status": "New",
    "ip": "127.0.0.1",
    "is_ordered": true,
    "created_at": "2025-07-08T11:01:29.303Z",
    "updated_at": "2025-07-08T11:01:33.887Z"
  }
},
{
  "model": "orders.order",
  "pk": 61,
  "fields": {
    "user": [
      ""
    ],
    "payment": null,
    "order_number": "2025070861",
    "first_name": "Dhananjay",
    "last_name": "Pratap Singh",
    "phone": "9997863901",
    "email": "",
    "address_line_1": "Keshav Vihar Colony",
    "address_line_2": "Dhanipur",
    "country": "india",
    "state": "uttar-pradesh",
    "city": "Aligarh",
    "order_note": "",
    "order_total": 2040.0,
    "tax": 40.0,
    "status": "New",
    "ip": "127.0.0.1",
    "is_ordered": false,
    "created_at": "2025-07-08T11:04:20.195Z",
    "updated_at": "2025-07-08T11:04:20.225Z"
  }
},
{
  "model": "orders.order",
  "pk": 62,
  "fields": {
    "user": [
      ""
    ],
    "payment": null,
    "order_number": "2025070862",
    "first_name": "Dhananjay",
    "last_name": "Pratap Singh",
    "phone": "9997863901",
    "email": "",
    "address_line_1": "Chitrakoot Sharma PG",
    "address_line_2": "9D/190, Chitrakoot",
    "country": "india",
    "state": "rajasthan",
    "city": "Jaipur",
    "order_note": "",
    "order_total": 2040.0,
    "tax": 40.0,
    "status": "New",
    "ip": "127.0.0.1",
    "is_ordered": false,
    "created_at": "2025-07-08T11:04:31.750Z",
    "updated_at": "2025-07-08T11:04:31.781Z"
  }
},
{
  "model": "orders.order",
  "pk": 63,
  "fields": {
    "user": [
      ""
    ],
    "payment": 29,
    "order_number": "2025070863",
    "first_name": "Dhananjay",
    "last_name": "Pratap Singh",
    "phone": "9997863901",
    "email": "",
    "address_line_1": "Keshav Vihar Colony, Dhanipur, Aligarh",
    "address_line_2": "",
    "country": "india",
    "state": "uttar-pradesh",
    "city": "Aligarh",
    "order_note": "",
    "order_total": 2040.0,
    "tax": 40.0,
    "status": "New",
    "ip": "127.0.0.1",
    "is_ordered": true,
    "created_at": "2025-07-08T11:04:56.521Z",
    "updated_at": "2025-07-08T11:05:00.446Z"
  }
},
{
  "model": "orders.order",
  "pk": 64,
  "fields": {
    "user": [
      ""
    ],
    "payment": null,
    "order_number": "2025070864",
    "first_name": "Dhananjay",
    "last_name": "Pratap Singh",
    "phone": "9997863901",
    "email": "",
    "address_line_1": "Keshav Vihar Colony, Dhanipur, Aligarh",
    "address_line_2": "",
    "country": "india",
    "state": "uttar-pradesh",
    "city": "Aligarh",
    "order_note": "",
    "order_total": 2040.0,
    "tax": 40.0,
    "status": "New",
    "ip": "127.0.0.1",
    "is_ordered": false,
    "created_at": "2025-07-08T11:06:38.381Z",
    "updated_at": "2025-07-08T11:06:38.389Z"
  }
},
{
  "model": "orders.order",
  "pk": 65,
  "fields": {
    "user": [
      ""
    ],
    "payment": 30,
    "order_number": "2025070865",
    "first_name": "Dhananjay",
    "last_name": "Pratap Singh",
    "phone": "9997863901",
    "email": "",
    "address_line_1": "Keshav Vihar Colony, Dhanipur, Aligarh",
    "address_line_2": "",
    "country": "india",
    "state": "uttar-pradesh",
    "city": "Aligarh",
    "order_note": "",
    "order_total": 2040.0,
    "tax": 40.0,
    "status": "New",
    "ip": "127.0.0.1",
    "is_ordered": true,
    "created_at": "2025-07-08T11:06:41.431Z",
    "updated_at": "2025-07-08T11:06:44.420Z"
  }
},
{
  "model": "orders.order",
  "pk": 66,
  "fields": {
    "user": [
      ""
    ],
    "payment": 31,
    "order_number": "2025070866",
    "first_name": "Dhananjay",
    "last_name": "Pratap Singh",
    "phone": "9997863901",
    "email": "",
    "address_line_1": "Keshav Vihar Colony, Dhanipur, Aligarh",
    "address_line_2": "",
    "country": "india",
    "state": "uttar-pradesh",
    "city": "Aligarh",
    "order_note": "",
    "order_total": 2040.0,
    "tax": 40.0,
    "status": "New",
    "ip": "127.0.0.1",
    "is_ordered": true,
    "created_at": "2025-07-08T11:07:45.773Z",
    "updated_at": "2025-07-08T11:07:49.193Z"
  }
},
{
  "model": "orders.order",
  "pk": 67,
  "fields": {
    "user": [
      ""
    ],
    "payment": null,
    "order_number": "2025070867",
    "first_name": "Dhananjay",
    "last_name": "Pratap Singh",
    "phone": "9997863901",
    "email": "",
    "address_line_1": "Keshav Vihar Colony, Dhanipur, Aligarh",
    "address_line_2": "",
    "country": "india",
    "state": "uttar-pradesh",
    "city": "Aligarh",
    "order_note": "",
    "order_total": 2040.0,
    "tax": 40.0,
    "status": "New",
    "ip": "127.0.0.1",
    "is_ordered": false,
    "created_at": "2025-07-08T11:20:47.567Z",
    "updated_at": "2025-07-08T11:20:47.575Z"
  }
},
{
  "model": "orders.order",
  "pk": 68,
  "fields": {
    "user": [
      ""
    ],
    "payment": 32,
    "order_number": "2025070868",
    "first_name": "Dhananjay",
    "last_name": "Pratap Singh",
    "phone": "9997863901",
    "email": "",
    "address_line_1": "Keshav Vihar Colony, Dhanipur, Aligarh",
    "address_line_2": "",
    "country": "india",
    "state": "uttar-pradesh",
    "city": "Aligarh",
    "order_note": "",
    "order_total": 2040.0,
    "tax": 40.0,
    "status": "New",
    "ip": "127.0.0.1",
    "is_ordered": true,
    "created_at": "2025-07-08T11:23:14.682Z",
    "updated_at": "2025-07-08T11:23:18.442Z"
  }
},
{
  "model": "orders.order",
  "pk": 69,
  "fields": {
    "user": [
      ""
    ],
    "payment": null,
    "order_number": "2025070869",
    "first_name": "Dhananjay",
    "last_name": "Pratap Singh",
    "phone": "9997863901",
    "email": "",
    "address_line_1": "Keshav Vihar Colony, Dhanipur, Aligarh",
    "address_line_2": "",
    "country": "india",
    "state": "uttar-pradesh",
    "city": "Aligarh",
    "order_note": "",
    "order_total": 2040.0,
    "tax": 40.0,
    "status": "New",
    "ip": "127.0.0.1",
    "is_ordered": false,
    "created_at": "2025-07-08T11:25:33.669Z",
    "updated_at": "2025-07-08T11:25:33.679Z"
  }
},
{
  "model": "orders.order",
  "pk": 70,
  "fields": {
    "user": [
      ""
    ],
    "payment": 33,
    "order_number": "2025070870",
    "first_name": "Dhananjay",
    "last_name": "Pratap Singh",
    "phone": "9997863901",
    "email": "",
    "address_line_1": "Chitrakoot Sharma PG",
    "address_line_2": "9D/190, Chitrakoot",
    "country": "india",
    "state": "rajasthan",
    "city": "Jaipur",
    "order_note": "",
    "order_total": 2040.0,
    "tax": 40.0,
    "status": "New",
    "ip": "127.0.0.1",
    "is_ordered": true,
    "created_at": "2025-07-08T11:25:50.731Z",
    "updated_at": "2025-07-08T11:25:58.108Z"
  }
},
{
  "model": "orders.order",
  "pk": 71,
  "fields": {
    "user": [
      ""
    ],
    "payment": 34,
    "order_number": "2025070871",
    "first_name": "Dhananjay",
    "last_name": "Pratap Singh",
    "phone": "9997863901",
    "email": "",
    "address_line_1": "Chitrakoot Sharma PG",
    "address_line_2": "9D/190, Chitrakoot",
    "country": "india",
    "state": "rajasthan",
    "city": "Jaipur",
    "order_note": "",
    "order_total": 2040.0,
    "tax": 40.0,
    "status": "New",
    "ip": "127.0.0.1",
    "is_ordered": true,
    "created_at": "2025-07-08T11:26:27.929Z",
    "updated_at": "2025-07-08T11:26:31.781Z"
  }
},
{
  "model": "orders.order",
  "pk": 72,
  "fields": {
    "user": [
      ""
    ],
    "payment": 35,
    "order_number": "2025070872",
    "first_name": "Dhananjay",
    "last_name": "Pratap Singh",
    "phone": "9997863901",
    "email": "",
    "address_line_1": "Chitrakoot Sharma PG",
    "address_line_2": "9D/190, Chitrakoot",
    "country": "india",
    "state": "rajasthan",
    "city": "Jaipur",
    "order_note": "",
    "order_total": 408.0,
    "tax": 8.0,
    "status": "New",
    "ip": "127.0.0.1",
    "is_ordered": true,
    "created_at": "2025-07-08T11:26:51.115Z",
    "updated_at": "2025-07-08T11:26:54.672Z"
  }
},
{
  "model": "orders.order",
  "pk": 73,
  "fields": {
    "user": [
      ""
    ],
    "payment": 36,
    "order_number": "2025070873",
    "first_name": "Dhananjay",
    "last_name": "Pratap Singh",
    "phone": "9997863901",
    "email": "",
    "address_line_1": "Chitrakoot Sharma PG",
    "address_line_2": "9D/190, Chitrakoot",
    "country": "india",
    "state": "rajasthan",
    "city": "Jaipur",
    "order_note": "",
    "order_total": 2040.0,
    "tax": 40.0,
    "status": "New",
    "ip": "127.0.0.1",
    "is_ordered": true,
    "created_at": "2025-07-08T11:29:30.448Z",
    "updated_at": "2025-07-08T11:29:34.801Z"
  }
},
{
  "model": "orders.order",
  "pk": 74,
  "fields": {
    "user": [
      "root@gmail.com"
    ],
    "payment": null,
    "order_number": "2025070974",
    "first_name": "Dhananjay",
    "last_name": "Singh",
    "phone": "9997863901",
    "email": "root@gmail.com",
    "address_line_1": "Chitrakoot Sharma PG",
    "address_line_2": "9D/190, Chitrakoot",
    "country": "India",
    "state": "Rajasthan",
    "city": "Jaipur",
    "order_note": "",
    "order_total": 2040.0,
    "tax": 40.0,
    "status": "New",
    "ip": "127.0.0.1",
    "is_ordered": true,
    "created_at": "2025-07-09T06:09:28.804Z",
    "updated_at": "2025-07-09T06:09:28.812Z"
  }
},
{
  "model": "orders.order",
  "pk": 75,
  "fields": {
    "user": [
      "root@gmail.com"
    ],
    "payment": null,
    "order_number": "2025070975",
    "first_name": "Dhananjay",
    "last_name": "Singh",
    "phone": "9997863901",
    "email": "root@gmail.com",
    "address_line_1": "Chitrakoot Sharma PG",
    "address_line_2": "9D/190, Chitrakoot",
    "country": "India",
    "state": "Rajasthan",
    "city": "Jaipur",
    "order_note": "",
    "order_total": 2040.0,
    "tax": 40.0,
    "status": "New",
    "ip": "127.0.0.1",
    "is_ordered": true,
    "created_at": "2025-07-09T06:09:34.561Z",
    "updated_at": "2025-07-09T06:09:34.569Z"
  }
},
{
  "model": "orders.order",
  "pk": 76,
  "fields": {
    "user": [
      "root@gmail.com"
    ],
    "payment": null,
    "order_number": "2025070976",
    "first_name": "Dhananjay",
    "last_name": "Pratap Singh",
    "phone": "9997863901",
    "email": "root@gmail.com",
    "address_line_1": "Keshav Vihar Colony, Dhanipur, Aligarh",
    "address_line_2": "",
    "country": "india",
    "state": "uttar-pradesh",
    "city": "Aligarh",
    "order_note": "",
    "order_total": 2040.0,
    "tax": 40.0,
    "status": "New",
    "ip": "127.0.0.1",
    "is_ordered": true,
    "created_at": "2025-07-09T06:10:02.714Z",
    "updated_at": "2025-07-09T06:10:02.721Z"
  }
},
{
  "model": "orders.order",
  "pk": 77,
  "fields": {
    "user": [
      "root@gmail.com"
    ],
    "payment": null,
    "order_number": "2025070977",
    "first_name": "Dhananjay",
    "last_name": "Pratap Singh",
    "phone": "9997863901",
    "email": "root@gmail.com",
    "address_line_1": "Keshav Vihar Colony, Dhanipur, Aligarh",
    "address_line_2": "",
    "country": "india",
    "state": "uttar-pradesh",
    "city": "Aligarh",
    "order_note": "",
    "order_total": 2040.0,
    "tax": 40.0,
    "status": "New",
    "ip": "127.0.0.1",
    "is_ordered": true,
    "created_at": "2025-07-09T06:10:32.052Z",
    "updated_at": "2025-07-09T06:10:32.060Z"
  }
},
{
  "model": "orders.order",
  "pk": 78,
  "fields": {
    "user": [
      "root@gmail.com"
    ],
    "payment": null,
    "order_number": "2025070978",
    "first_name": "Dhananjay",
    "last_name": "Pratap Singh",
    "phone": "9997863901",
    "email": "root@gmail.com",
    "address_line_1": "Keshav Vihar Colony, Dhanipur, Aligarh",
    "address_line_2": "",
    "country": "india",
    "state": "uttar-pradesh",
    "city": "Aligarh",
    "order_note": "",
    "order_total": 2040.0,
    "tax": 40.0,
    "status": "New",
    "ip": "127.0.0.1",
    "is_ordered": true,
    "created_at": "2025-07-09T06:10:44.260Z",
    "updated_at": "2025-07-09T06:10:44.267Z"
  }
},
{
  "model": "orders.order",
  "pk": 79,
  "fields": {
    "user": [
      "pratapsinghd665@gmail.com"
    ],
    "payment": null,
    "order_number": "2025070979",
    "first_name": "Madhav",
    "last_name": "",
    "phone": "9149252033",
    "email": "pratapsinghd665@gmail.com",
    "address_line_1": "RBS College",
    "address_line_2": "Bichpuri",
    "country": "india",
    "state": "uttar-pradesh",
    "city": "Agra",
    "order_note": "",
    "order_total": 2040.0,
    "tax": 40.0,
    "status": "New",
    "ip": "127.0.0.1",
    "is_ordered": true,
    "created_at": "2025-07-09T06:11:51.631Z",
    "updated_at": "2025-07-09T06:11:51.642Z"
  }
},
{
  "model": "orders.order",
  "pk": 80,
  "fields": {
    "user": [
      "pratapsinghd665@gmail.com"
    ],
    "payment": null,
    "order_number": "2025070980",
    "first_name": "Madhav",
    "last_name": "",
    "phone": "9149252033",
    "email": "pratapsinghd665@gmail.com",
    "address_line_1": "RBS College",
    "address_line_2": "Bichpuri",
    "country": "india",
    "state": "uttar-pradesh",
    "city": "Agra",
    "order_note": "",
    "order_total": 2040.0,
    "tax": 40.0,
    "status": "New",
    "ip": "127.0.0.1",
    "is_ordered": true,
    "created_at": "2025-07-09T06:13:55.662Z",
    "updated_at": "2025-07-09T06:13:55.671Z"
  }
},
{
  "model": "orders.order",
  "pk": 81,
  "fields": {
    "user": [
      "pratapsinghd665@gmail.com"
    ],
    "payment": 37,
    "order_number": "2025070981",
    "first_name": "Madhav",
    "last_name": "",
    "phone": "9149252033",
    "email": "pratapsinghd665@gmail.com",
    "address_line_1": "RBS College",
    "address_line_2": "Bichpuri",
    "country": "india",
    "state": "uttar-pradesh",
    "city": "Agra",
    "order_note": "",
    "order_total": 2040.0,
    "tax": 40.0,
    "status": "New",
    "ip": "127.0.0.1",
    "is_ordered": true,
    "created_at": "2025-07-09T06:19:44.566Z",
    "updated_at": "2025-07-09T06:19:48.733Z"
  }
},
{
  "model": "orders.order",
  "pk": 82,
  "fields": {
    "user": [
      "pratapsinghd665@gmail.com"
    ],
    "payment": null,
    "order_number": "2025070982",
    "first_name": "Dhananjay",
    "last_name": "Pratap Singh",
    "phone": "9997863901",
    "email": "pratapsinghd665@gmail.com",
    "address_line_1": "Keshav Vihar Colony, Dhanipur, Aligarh",
    "address_line_2": "",
    "country": "india",
    "state": "uttar-pradesh",
    "city": "Aligarh",
    "order_note": "",
    "order_total": 2040.0,
    "tax": 40.0,
    "status": "New",
    "ip": "127.0.0.1",
    "is_ordered": false,
    "created_at": "2025-07-09T06:20:18.922Z",
    "updated_at": "2025-07-09T06:20:18.931Z"
  }
},
{
  "model": "orders.order",
  "pk": 83,
  "fields": {
    "user": [
      "pratapsinghd665@gmail.com"
    ],
    "payment": null,
    "order_number": "2025070983",
    "first_name": "Dhananjay",
    "last_name": "Pratap Singh",
    "phone": "9997863901",
    "email": "pratapsinghd665@gmail.com",
    "address_line_1": "Keshav Vihar Colony, Dhanipur, Aligarh",
    "address_line_2": "",
    "country": "india",
    "state": "uttar-pradesh",
    "city": "Aligarh",
    "order_note": "",
    "order_total": 2040.0,
    "tax": 40.0,
    "status": "New",
    "ip": "127.0.0.1",
    "is_ordered": false,
    "created_at": "2025-07-09T06:20:22.868Z",
    "updated_at": "2025-07-09T06:20:22.875Z"
  }
},
{
  "model": "orders.order",
  "pk": 84,
  "fields": {
    "user": [
      "pratapsinghd665@gmail.com"
    ],
    "payment": null,
    "order_number": "2025070984",
    "first_name": "Dhananjay",
    "last_name": "Pratap Singh",
    "phone": "9997863901",
    "email": "pratapsinghd665@gmail.com",
    "address_line_1": "Keshav Vihar Colony, Dhanipur, Aligarh",
    "address_line_2": "",
    "country": "india",
    "state": "uttar-pradesh",
    "city": "Aligarh",
    "order_note": "",
    "order_total": 2040.0,
    "tax": 40.0,
    "status": "New",
    "ip": "127.0.0.1",
    "is_ordered": false,
    "created_at": "2025-07-09T06:20:26.548Z",
    "updated_at": "2025-07-09T06:20:26.556Z"
  }
},
{
  "model": "orders.order",
  "pk": 85,
  "fields": {
    "user": [
      "pratapsinghd665@gmail.com"
    ],
    "payment": null,
    "order_number": "2025070985",
    "first_name": "Madhav",
    "last_name": "",
    "phone": "9149252033",
    "email": "pratapsinghd665@gmail.com",
    "address_line_1": "RBS College",
    "address_line_2": "Bichpuri",
    "country": "india",
    "state": "uttar-pradesh",
    "city": "Agra",
    "order_note": "",
    "order_total": 2040.0,
    "tax": 40.0,
    "status": "New",
    "ip": "127.0.0.1",
    "is_ordered": false,
    "created_at": "2025-07-09T06:20:29.730Z",
    "updated_at": "2025-07-09T06:20:29.739Z"
  }
},
{
  "model": "orders.order",
  "pk": 86,
  "fields": {
    "user": [
      "pratapsinghd665@gmail.com"
    ],
    "payment": null,
    "order_number": "2025070986",
    "first_name": "Dhananjay",
    "last_name": "Pratap Singh",
    "phone": "9997863901",
    "email": "pratapsinghd665@gmail.com",
    "address_line_1": "Keshav Vihar Colony, Dhanipur, Aligarh",
    "address_line_2": "",
    "country": "india",
    "state": "uttar-pradesh",
    "city": "Aligarh",
    "order_note": "",
    "order_total": 2040.0,
    "tax": 40.0,
    "status": "New",
    "ip": "127.0.0.1",
    "is_ordered": false,
    "created_at": "2025-07-09T06:34:37.961Z",
    "updated_at": "2025-07-09T06:34:37.970Z"
  }
},
{
  "model": "orders.order",
  "pk": 87,
  "fields": {
    "user": [
      "pratapsinghd665@gmail.com"
    ],
    "payment": null,
    "order_number": "2025070987",
    "first_name": "Madhav",
    "last_name": "",
    "phone": "9149252033",
    "email": "pratapsinghd665@gmail.com",
    "address_line_1": "RBS College",
    "address_line_2": "Bichpuri",
    "country": "india",
    "state": "uttar-pradesh",
    "city": "Agra",
    "order_note": "",
    "order_total": 2040.0,
    "tax": 40.0,
    "status": "New",
    "ip": "127.0.0.1",
    "is_ordered": false,
    "created_at": "2025-07-09T06:43:52.938Z",
    "updated_at": "2025-07-09T06:43:52.950Z"
  }
},
{
  "model": "orders.order",
  "pk": 88,
  "fields": {
    "user": [
      "pratapsinghd665@gmail.com"
    ],
    "payment": null,
    "order_number": "2025070988",
    "first_name": "Dhananjay",
    "last_name": "Pratap Singh",
    "phone": "9997863901",
    "email": "pratapsinghd665@gmail.com",
    "address_line_1": "Keshav Vihar Colony, Dhanipur, Aligarh",
    "address_line_2": "",
    "country": "india",
    "state": "uttar-pradesh",
    "city": "Aligarh",
    "order_note": "",
    "order_total": 2040.0,
    "tax": 40.0,
    "status": "New",
    "ip": "127.0.0.1",
    "is_ordered": false,
    "created_at": "2025-07-09T06:43:58.640Z",
    "updated_at": "2025-07-09T06:43:58.652Z"
  }
},
{
  "model": "orders.order",
  "pk": 89,
  "fields": {
    "user": [
      "pratapsinghd665@gmail.com"
    ],
    "payment": 38,
    "order_number": "2025070989",
    "first_name": "Dhananjay",
    "last_name": "Pratap Singh",
    "phone": "9997863901",
    "email": "pratapsinghd665@gmail.com",
    "address_line_1": "Keshav Vihar Colony, Dhanipur, Aligarh",
    "address_line_2": "",
    "country": "india",
    "state": "uttar-pradesh",
    "city": "Aligarh",
    "order_note": "",
    "order_total": 2040.0,
    "tax": 40.0,
    "status": "New",
    "ip": "127.0.0.1",
    "is_ordered": true,
    "created_at": "2025-07-09T06:44:02.948Z",
    "updated_at": "2025-07-09T06:44:06.385Z"
  }
},
{
  "model": "orders.order",
  "pk": 90,
  "fields": {
    "user": [
      "pratapsinghd665@gmail.com"
    ],
    "payment": 39,
    "order_number": "2025070990",
    "first_name": "Dhananjay",
    "last_name": "Pratap Singh",
    "phone": "9997863901",
    "email": "pratapsinghd665@gmail.com",
    "address_line_1": "Chitrakoot Sharma PG",
    "address_line_2": "9D/190, Chitrakoot",
    "country": "india",
    "state": "rajasthan",
    "city": "Jaipur",
    "order_note": "",
    "order_total": 2040.0,
    "tax": 40.0,
    "status": "New",
    "ip": "127.0.0.1",
    "is_ordered": true,
    "created_at": "2025-07-09T06:51:40.317Z",
    "updated_at": "2025-07-09T06:51:45.023Z"
  }
},
{
  "model": "orders.order",
  "pk": 91,
  "fields": {
    "user": [
      "pratapsinghd665@gmail.com"
    ],
    "payment": 40,
    "order_number": "2025071891",
    "first_name": "Dhananjay",
    "last_name": "Pratap Singh",
    "phone": "9997863901",
    "email": "pratapsinghd665@gmail.com",
    "address_line_1": "Keshav Vihar Colony, Dhanipur, Aligarh",
    "address_line_2": "",
    "country": "india",
    "state": "uttar-pradesh",
    "city": "Aligarh",
    "order_note": "",
    "order_total": 2040.0,
    "tax": 40.0,
    "status": "New",
    "ip": "127.0.0.1",
    "is_ordered": true,
    "created_at": "2025-07-18T07:51:07.771Z",
    "updated_at": "2025-07-18T07:51:15.259Z"
  }
},
{
  "model": "orders.order",
  "pk": 92,
  "fields": {
    "user": [
      "pratapsinghd665@gmail.com"
    ],
    "payment": 41,
    "order_number": "2025071892",
    "first_name": "Madhav",
    "last_name": "",
    "phone": "9149252033",
    "email": "pratapsinghd665@gmail.com",
    "address_line_1": "RBS College",
    "address_line_2": "Bichpuri",
    "country": "india",
    "state": "uttar-pradesh",
    "city": "Agra",
    "order_note": "",
    "order_total": 2040.0,
    "tax": 40.0,
    "status": "New",
    "ip": "127.0.0.1",
    "is_ordered": true,
    "created_at": "2025-07-18T07:51:25.804Z",
    "updated_at": "2025-07-18T07:51:29.478Z"
  }
},
{
  "model": "orders.order",
  "pk": 93,
  "fields": {
    "user": [
      "root@gmail.com"
    ],
    "payment": 42,
    "order_number": "2025072093",
    "first_name": "Dhananjay",
    "last_name": "Pratap Singh",
    "phone": "9997863901",
    "email": "root@gmail.com",
    "address_line_1": "Keshav Vihar Colony, Dhanipur, Aligarh",
    "address_line_2": "",
    "country": "india",
    "state": "uttar-pradesh",
    "city": "Aligarh",
    "order_note": "",
    "order_total": 408.0,
    "tax": 8.0,
    "status": "New",
    "ip": "127.0.0.1",
    "is_ordered": true,
    "created_at": "2025-07-20T16:36:42.455Z",
    "updated_at": "2025-07-20T16:36:46.054Z"
  }
},
{
  "model": "orders.order",
  "pk": 94,
  "fields": {
    "user": [
      ""
    ],
    "payment": 43,
    "order_number": "2026011394",
    "first_name": "Dhananjay",
    "last_name": "Pratap Singh",
    "phone": "9997863901",
    "email": "",
    "address_line_1": "Keshav Vihar Colony, Dhanipur, Aligarh",
    "address_line_2": "",
    "country": "india",
    "state": "uttar-pradesh",
    "city": "Aligarh",
    "order_note": "",
    "order_total": 2040.0,
    "tax": 40.0,
    "status": "New",
    "ip": "127.0.0.1",
    "is_ordered": true,
    "created_at": "2026-01-13T10:24:04.436Z",
    "updated_at": "2026-01-13T10:24:08.509Z"
  }
},
{
  "model": "orders.order",
  "pk": 95,
  "fields": {
    "user": [
      "pratapsinghd665@gmail.com"
    ],
    "payment": 44,
    "order_number": "2026012495",
    "first_name": "Madhav",
    "last_name": "",
    "phone": "9149252033",
    "email": "pratapsinghd665@gmail.com",
    "address_line_1": "RBS College",
    "address_line_2": "Bichpuri",
    "country": "india",
    "state": "uttar-pradesh",
    "city": "Agra",
    "order_note": "",
    "order_total": 408.0,
    "tax": 8.0,
    "status": "New",
    "ip": "127.0.0.1",
    "is_ordered": true,
    "created_at": "2026-01-24T14:43:31.965Z",
    "updated_at": "2026-01-24T14:43:40.144Z"
  }
},
{
  "model": "orders.orderproduct",
  "pk": 2,
  "fields": {
    "order": 7,
    "payment": 2,
    "user": [
      "root@gmail.com"
    ],
    "product": 1,
    "quantity": 1,
    "product_price": 2000.0,
    "ordered": true,
    "created_at": "2025-07-01T06:03:33.595Z",
    "updated_at": "2025-07-01T06:03:33.595Z",
    "variations": [
      1,
      5
    ]
  }
},
{
  "model": "orders.orderproduct",
  "pk": 3,
  "fields": {
    "order": 7,
    "payment": 2,
    "user": [
      "root@gmail.com"
    ],
    "product": 11,
    "quantity": 1,
    "product_price": 1499.0,
    "ordered": true,
    "created_at": "2025-07-01T06:03:33.622Z",
    "updated_at": "2025-07-01T06:03:33.622Z",
    "variations": [
      75,
      77
    ]
  }
},
{
  "model": "orders.orderproduct",
  "pk": 4,
  "fields": {
    "order": 8,
    "payment": 3,
    "user": [
      "root@gmail.com"
    ],
    "product": 1,
    "quantity": 1,
    "product_price": 2000.0,
    "ordered": true,
    "created_at": "2025-07-01T06:08:48.080Z",
    "updated_at": "2025-07-01T06:08:48.080Z",
    "variations": [
      2,
      7
    ]
  }
},
{
  "model": "orders.orderproduct",
  "pk": 5,
  "fields": {
    "order": 9,
    "payment": 4,
    "user": [
      "pratapsinghd665@gmail.com"
    ],
    "product": 2,
    "quantity": 1,
    "product_price": 400.0,
    "ordered": true,
    "created_at": "2025-07-01T06:21:27.143Z",
    "updated_at": "2025-07-01T06:21:27.143Z",
    "variations": [
      10,
      14
    ]
  }
},
{
  "model": "orders.orderproduct",
  "pk": 6,
  "fields": {
    "order": 9,
    "payment": 4,
    "user": [
      "pratapsinghd665@gmail.com"
    ],
    "product": 1,
    "quantity": 1,
    "product_price": 2000.0,
    "ordered": true,
    "created_at": "2025-07-01T06:21:27.168Z",
    "updated_at": "2025-07-01T06:21:27.168Z",
    "variations": [
      1,
      5
    ]
  }
},
{
  "model": "orders.orderproduct",
  "pk": 7,
  "fields": {
    "order": 10,
    "payment": 5,
    "user": [
      "pratapdhananjay738@gmail.com"
    ],
    "product": 1,
    "quantity": 1,
    "product_price": 2000.0,
    "ordered": true,
    "created_at": "2025-07-01T06:32:30.626Z",
    "updated_at": "2025-07-01T06:32:30.626Z",
    "variations": [
      2,
      7
    ]
  }
},
{
  "model": "orders.orderproduct",
  "pk": 8,
  "fields": {
    "order": 12,
    "payment": 6,
    "user": [
      "root@gmail.com"
    ],
    "product": 31,
    "quantity": 1,
    "product_price": 10000.0,
    "ordered": true,
    "created_at": "2025-07-03T04:51:16.349Z",
    "updated_at": "2025-07-03T04:51:16.349Z",
    "variations": []
  }
},
{
  "model": "orders.orderproduct",
  "pk": 18,
  "fields": {
    "order": 24,
    "payment": 11,
    "user": [
      "root@gmail.com"
    ],
    "product": 1,
    "quantity": 1,
    "product_price": 2000.0,
    "ordered": true,
    "created_at": "2025-07-04T06:15:57.794Z",
    "updated_at": "2025-07-04T06:15:57.794Z",
    "variations": [
      1,
      5
    ]
  }
},
{
  "model": "orders.orderproduct",
  "pk": 35,
  "fields": {
    "order": 39,
    "payment": 22,
    "user": [
      "pratapsinghd665@gmail.com"
    ],
    "product": 1,
    "quantity": 1,
    "product_price": 2000.0,
    "ordered": true,
    "created_at": "2025-07-04T11:13:09.300Z",
    "updated_at": "2025-07-04T11:13:09.300Z",
    "variations": [
      1,
      6
    ]
  }
},
{
  "model": "orders.orderproduct",
  "pk": 36,
  "fields": {
    "order": 51,
    "payment": 23,
    "user": [
      "root@gmail.com"
    ],
    "product": 1,
    "quantity": 1,
    "product_price": 2000.0,
    "ordered": true,
    "created_at": "2025-07-08T05:01:24.266Z",
    "updated_at": "2025-07-08T05:01:24.266Z",
    "variations": [
      1,
      6
    ]
  }
},
{
  "model": "orders.orderproduct",
  "pk": 37,
  "fields": {
    "order": 68,
    "payment": null,
    "user": [
      ""
    ],
    "product": 1,
    "quantity": 1,
    "product_price": 2000.0,
    "ordered": true,
    "created_at": "2025-07-08T11:23:14.698Z",
    "updated_at": "2025-07-08T11:23:14.698Z",
    "variations": []
  }
},
{
  "model": "orders.orderproduct",
  "pk": 38,
  "fields": {
    "order": 69,
    "payment": null,
    "user": [
      ""
    ],
    "product": 1,
    "quantity": 1,
    "product_price": 2000.0,
    "ordered": true,
    "created_at": "2025-07-08T11:25:33.687Z",
    "updated_at": "2025-07-08T11:25:33.687Z",
    "variations": []
  }
},
{
  "model": "orders.orderproduct",
  "pk": 39,
  "fields": {
    "order": 70,
    "payment": null,
    "user": [
      ""
    ],
    "product": 1,
    "quantity": 1,
    "product_price": 2000.0,
    "ordered": true,
    "created_at": "2025-07-08T11:25:50.749Z",
    "updated_at": "2025-07-08T11:25:50.749Z",
    "variations": []
  }
},
{
  "model": "orders.orderproduct",
  "pk": 40,
  "fields": {
    "order": 71,
    "payment": null,
    "user": [
      ""
    ],
    "product": 1,
    "quantity": 1,
    "product_price": 2000.0,
    "ordered": true,
    "created_at": "2025-07-08T11:26:27.944Z",
    "updated_at": "2025-07-08T11:26:27.944Z",
    "variations": []
  }
},
{
  "model": "orders.orderproduct",
  "pk": 41,
  "fields": {
    "order": 71,
    "payment": 34,
    "user": [
      ""
    ],
    "product": 1,
    "quantity": 1,
    "product_price": 2000.0,
    "ordered": true,
    "created_at": "2025-07-08T11:26:31.790Z",
    "updated_at": "2025-07-08T11:26:31.790Z",
    "variations": [
      1,
      5
    ]
  }
},
{
  "model": "orders.orderproduct",
  "pk": 42,
  "fields": {
    "order": 72,
    "payment": null,
    "user": [
      ""
    ],
    "product": 2,
    "quantity": 1,
    "product_price": 400.0,
    "ordered": true,
    "created_at": "2025-07-08T11:26:51.131Z",
    "updated_at": "2025-07-08T11:26:51.131Z",
    "variations": []
  }
},
{
  "model": "orders.orderproduct",
  "pk": 43,
  "fields": {
    "order": 72,
    "payment": 35,
    "user": [
      ""
    ],
    "product": 2,
    "quantity": 1,
    "product_price": 400.0,
    "ordered": true,
    "created_at": "2025-07-08T11:26:54.685Z",
    "updated_at": "2025-07-08T11:26:54.685Z",
    "variations": [
      10,
      14
    ]
  }
},
{
  "model": "orders.orderproduct",
  "pk": 44,
  "fields": {
    "order": 73,
    "payment": null,
    "user": [
      ""
    ],
    "product": 1,
    "quantity": 1,
    "product_price": 2000.0,
    "ordered": true,
    "created_at": "2025-07-08T11:29:30.464Z",
    "updated_at": "2025-07-08T11:29:30.464Z",
    "variations": []
  }
},
{
  "model": "orders.orderproduct",
  "pk": 45,
  "fields": {
    "order": 73,
    "payment": 36,
    "user": [
      ""
    ],
    "product": 1,
    "quantity": 1,
    "product_price": 2000.0,
    "ordered": true,
    "created_at": "2025-07-08T11:29:34.809Z",
    "updated_at": "2025-07-08T11:29:34.809Z",
    "variations": [
      1,
      6
    ]
  }
},
{
  "model": "orders.orderproduct",
  "pk": 46,
  "fields": {
    "order": 74,
    "payment": null,
    "user": [
      "root@gmail.com"
    ],
    "product": 1,
    "quantity": 1,
    "product_price": 2000.0,
    "ordered": true,
    "created_at": "2025-07-09T06:09:28.821Z",
    "updated_at": "2025-07-09T06:09:28.821Z",
    "variations": []
  }
},
{
  "model": "orders.orderproduct",
  "pk": 47,
  "fields": {
    "order": 75,
    "payment": null,
    "user": [
      "root@gmail.com"
    ],
    "product": 1,
    "quantity": 1,
    "product_price": 2000.0,
    "ordered": true,
    "created_at": "2025-07-09T06:09:34.579Z",
    "updated_at": "2025-07-09T06:09:34.579Z",
    "variations": []
  }
},
{
  "model": "orders.orderproduct",
  "pk": 48,
  "fields": {
    "order": 76,
    "payment": null,
    "user": [
      "root@gmail.com"
    ],
    "product": 1,
    "quantity": 1,
    "product_price": 2000.0,
    "ordered": true,
    "created_at": "2025-07-09T06:10:02.729Z",
    "updated_at": "2025-07-09T06:10:02.729Z",
    "variations": []
  }
},
{
  "model": "orders.orderproduct",
  "pk": 49,
  "fields": {
    "order": 77,
    "payment": null,
    "user": [
      "root@gmail.com"
    ],
    "product": 1,
    "quantity": 1,
    "product_price": 2000.0,
    "ordered": true,
    "created_at": "2025-07-09T06:10:32.068Z",
    "updated_at": "2025-07-09T06:10:32.068Z",
    "variations": []
  }
},
{
  "model": "orders.orderproduct",
  "pk": 50,
  "fields": {
    "order": 78,
    "payment": null,
    "user": [
      "root@gmail.com"
    ],
    "product": 1,
    "quantity": 1,
    "product_price": 2000.0,
    "ordered": true,
    "created_at": "2025-07-09T06:10:44.274Z",
    "updated_at": "2025-07-09T06:10:44.274Z",
    "variations": []
  }
},
{
  "model": "orders.orderproduct",
  "pk": 51,
  "fields": {
    "order": 79,
    "payment": null,
    "user": [
      "pratapsinghd665@gmail.com"
    ],
    "product": 1,
    "quantity": 1,
    "product_price": 2000.0,
    "ordered": true,
    "created_at": "2025-07-09T06:11:51.651Z",
    "updated_at": "2025-07-09T06:11:51.651Z",
    "variations": []
  }
},
{
  "model": "orders.orderproduct",
  "pk": 52,
  "fields": {
    "order": 80,
    "payment": null,
    "user": [
      "pratapsinghd665@gmail.com"
    ],
    "product": 1,
    "quantity": 1,
    "product_price": 2000.0,
    "ordered": true,
    "created_at": "2025-07-09T06:13:55.677Z",
    "updated_at": "2025-07-09T06:13:55.677Z",
    "variations": []
  }
},
{
  "model": "orders.orderproduct",
  "pk": 53,
  "fields": {
    "order": 81,
    "payment": null,
    "user": [
      "pratapsinghd665@gmail.com"
    ],
    "product": 1,
    "quantity": 1,
    "product_price": 2000.0,
    "ordered": false,
    "created_at": "2025-07-09T06:19:44.586Z",
    "updated_at": "2025-07-09T06:19:44.586Z",
    "variations": []
  }
},
{
  "model": "orders.orderproduct",
  "pk": 54,
  "fields": {
    "order": 82,
    "payment": null,
    "user": [
      "pratapsinghd665@gmail.com"
    ],
    "product": 1,
    "quantity": 1,
    "product_price": 2000.0,
    "ordered": false,
    "created_at": "2025-07-09T06:20:18.940Z",
    "updated_at": "2025-07-09T06:20:18.940Z",
    "variations": []
  }
},
{
  "model": "orders.orderproduct",
  "pk": 55,
  "fields": {
    "order": 83,
    "payment": null,
    "user": [
      "pratapsinghd665@gmail.com"
    ],
    "product": 1,
    "quantity": 1,
    "product_price": 2000.0,
    "ordered": false,
    "created_at": "2025-07-09T06:20:22.887Z",
    "updated_at": "2025-07-09T06:20:22.887Z",
    "variations": []
  }
},
{
  "model": "orders.orderproduct",
  "pk": 56,
  "fields": {
    "order": 84,
    "payment": null,
    "user": [
      "pratapsinghd665@gmail.com"
    ],
    "product": 1,
    "quantity": 1,
    "product_price": 2000.0,
    "ordered": false,
    "created_at": "2025-07-09T06:20:26.566Z",
    "updated_at": "2025-07-09T06:20:26.567Z",
    "variations": []
  }
},
{
  "model": "orders.orderproduct",
  "pk": 57,
  "fields": {
    "order": 85,
    "payment": null,
    "user": [
      "pratapsinghd665@gmail.com"
    ],
    "product": 1,
    "quantity": 1,
    "product_price": 2000.0,
    "ordered": false,
    "created_at": "2025-07-09T06:20:29.748Z",
    "updated_at": "2025-07-09T06:20:29.748Z",
    "variations": []
  }
},
{
  "model": "orders.orderproduct",
  "pk": 58,
  "fields": {
    "order": 86,
    "payment": null,
    "user": [
      "pratapsinghd665@gmail.com"
    ],
    "product": 1,
    "quantity": 1,
    "product_price": 2000.0,
    "ordered": false,
    "created_at": "2025-07-09T06:34:37.977Z",
    "updated_at": "2025-07-09T06:34:37.977Z",
    "variations": []
  }
},
{
  "model": "orders.orderproduct",
  "pk": 59,
  "fields": {
    "order": 87,
    "payment": null,
    "user": [
      "pratapsinghd665@gmail.com"
    ],
    "product": 1,
    "quantity": 1,
    "product_price": 2000.0,
    "ordered": false,
    "created_at": "2025-07-09T06:43:52.961Z",
    "updated_at": "2025-07-09T06:43:52.961Z",
    "variations": []
  }
},
{
  "model": "orders.orderproduct",
  "pk": 60,
  "fields": {
    "order": 88,
    "payment": null,
    "user": [
      "pratapsinghd665@gmail.com"
    ],
    "product": 1,
    "quantity": 1,
    "product_price": 2000.0,
    "ordered": false,
    "created_at": "2025-07-09T06:43:58.662Z",
    "updated_at": "2025-07-09T06:43:58.662Z",
    "variations": []
  }
},
{
  "model": "orders.orderproduct",
  "pk": 61,
  "fields": {
    "order": 89,
    "payment": null,
    "user": [
      "pratapsinghd665@gmail.com"
    ],
    "product": 1,
    "quantity": 1,
    "product_price": 2000.0,
    "ordered": false,
    "created_at": "2025-07-09T06:44:02.968Z",
    "updated_at": "2025-07-09T06:44:02.968Z",
    "variations": []
  }
},
{
  "model": "orders.orderproduct",
  "pk": 62,
  "fields": {
    "order": 90,
    "payment": null,
    "user": [
      "pratapsinghd665@gmail.com"
    ],
    "product": 1,
    "quantity": 1,
    "product_price": 2000.0,
    "ordered": false,
    "created_at": "2025-07-09T06:51:40.361Z",
    "updated_at": "2025-07-09T06:51:40.361Z",
    "variations": []
  }
},
{
  "model": "orders.orderproduct",
  "pk": 63,
  "fields": {
    "order": 91,
    "payment": null,
    "user": [
      "pratapsinghd665@gmail.com"
    ],
    "product": 1,
    "quantity": 1,
    "product_price": 2000.0,
    "ordered": false,
    "created_at": "2025-07-18T07:51:07.788Z",
    "updated_at": "2025-07-18T07:51:07.788Z",
    "variations": []
  }
},
{
  "model": "orders.orderproduct",
  "pk": 64,
  "fields": {
    "order": 92,
    "payment": null,
    "user": [
      "pratapsinghd665@gmail.com"
    ],
    "product": 1,
    "quantity": 1,
    "product_price": 2000.0,
    "ordered": false,
    "created_at": "2025-07-18T07:51:25.826Z",
    "updated_at": "2025-07-18T07:51:25.826Z",
    "variations": []
  }
},
{
  "model": "orders.orderproduct",
  "pk": 65,
  "fields": {
    "order": 93,
    "payment": null,
    "user": [
      "root@gmail.com"
    ],
    "product": 2,
    "quantity": 1,
    "product_price": 400.0,
    "ordered": false,
    "created_at": "2025-07-20T16:36:42.482Z",
    "updated_at": "2025-07-20T16:36:42.482Z",
    "variations": []
  }
},
{
  "model": "orders.orderproduct",
  "pk": 66,
  "fields": {
    "order": 94,
    "payment": null,
    "user": [
      ""
    ],
    "product": 1,
    "quantity": 1,
    "product_price": 2000.0,
    "ordered": false,
    "created_at": "2026-01-13T10:24:04.480Z",
    "updated_at": "2026-01-13T10:24:04.480Z",
    "variations": []
  }
},
{
  "model": "orders.orderproduct",
  "pk": 67,
  "fields": {
    "order": 95,
    "payment": null,
    "user": [
      "pratapsinghd665@gmail.com"
    ],
    "product": 2,
    "quantity": 1,
    "product_price": 400.0,
    "ordered": false,
    "created_at": "2026-01-24T14:43:31.990Z",
    "updated_at": "2026-01-24T14:43:31.990Z",
    "variations": []
  }
},
{
  "model": "sites.site",
  "fields": {
    "domain": "example.com",
    "name": "example.com"
  }
},
{
  "model": "socialaccount.socialaccount",
  "pk": 8,
  "fields": {
    "user": [
      ""
    ],
    "provider": "google",
    "uid": "104332491737453504911",
    "last_login": "2026-03-25T05:28:21.252Z",
    "date_joined": "2025-07-08T06:09:38.970Z",
    "extra_data": {
      "iss": "https://accounts.google.com",
      "azp": "1037779242430-krbmakmtabjdps09nrqr4923vc1js3rr.apps.googleusercontent.com",
      "aud": "1037779242430-krbmakmtabjdps09nrqr4923vc1js3rr.apps.googleusercontent.com",
      "sub": "104332491737453504911",
      "at_hash": "besKAtR9NP-CvPP3XM-1Sw",
      "name": "Dhananjay Pratap Singh",
      "picture": "https://lh3.googleusercontent.com/a/ACg8ocIse5iju8v6AadNr-P4rnoiXcWQ3VcCHT5--jNzhClDTXLesTyr=s96-c",
      "given_name": "Dhananjay",
      "family_name": "Pratap Singh",
      "iat": 1774416500,
      "exp": 1774420100
    }
  }
},
{
  "model": "admin.logentry",
  "pk": 104,
  "fields": {
    "action_time": "2025-05-27T06:33:52.073Z",
    "user": [
      "root@gmail.com"
    ],
    "content_type": [
      "accounts",
      "account"
    ],
    "object_id": "2",
    "object_repr": "pratapsinghd665@gmail.com",
    "action_flag": 3,
    "change_message": ""
  }
},
{
  "model": "admin.logentry",
  "pk": 105,
  "fields": {
    "action_time": "2025-05-27T07:03:57.925Z",
    "user": [
      "root@gmail.com"
    ],
    "content_type": [
      "accounts",
      "account"
    ],
    "object_id": "6",
    "object_repr": "pratapdhananjay738@gmail.com",
    "action_flag": 3,
    "change_message": ""
  }
},
{
  "model": "admin.logentry",
  "pk": 106,
  "fields": {
    "action_time": "2025-05-27T07:03:57.925Z",
    "user": [
      "root@gmail.com"
    ],
    "content_type": [
      "accounts",
      "account"
    ],
    "object_id": "5",
    "object_repr": "pratapsinghd665@gmail.com",
    "action_flag": 3,
    "change_message": ""
  }
},
{
  "model": "admin.logentry",
  "pk": 107,
  "fields": {
    "action_time": "2025-05-27T07:03:57.925Z",
    "user": [
      "root@gmail.com"
    ],
    "content_type": [
      "accounts",
      "account"
    ],
    "object_id": "3",
    "object_repr": "pratapd1303@gmail.com",
    "action_flag": 3,
    "change_message": ""
  }
},
{
  "model": "admin.logentry",
  "pk": 108,
  "fields": {
    "action_time": "2025-05-27T07:04:22.839Z",
    "user": [
      "root@gmail.com"
    ],
    "content_type": [
      "accounts",
      "account"
    ],
    "object_id": "4",
    "object_repr": "root@gmail.com",
    "action_flag": 2,
    "change_message": "[{\"changed\": {\"fields\": [\"Role\", \"Phone number\"]}}]"
  }
},
{
  "model": "admin.logentry",
  "pk": 109,
  "fields": {
    "action_time": "2025-05-27T07:32:31.867Z",
    "user": [
      "root@gmail.com"
    ],
    "content_type": [
      "accounts",
      "account"
    ],
    "object_id": "8",
    "object_repr": "pratapd1303@gmail.com",
    "action_flag": 2,
    "change_message": "[{\"changed\": {\"fields\": [\"Role\"]}}]"
  }
},
{
  "model": "admin.logentry",
  "pk": 110,
  "fields": {
    "action_time": "2025-05-27T07:32:42.450Z",
    "user": [
      "root@gmail.com"
    ],
    "content_type": [
      "accounts",
      "account"
    ],
    "object_id": "7",
    "object_repr": "pratapsinghd665@gmail.com",
    "action_flag": 2,
    "change_message": "[{\"changed\": {\"fields\": [\"Role\"]}}]"
  }
},
{
  "model": "admin.logentry",
  "pk": 111,
  "fields": {
    "action_time": "2025-05-27T07:33:06.501Z",
    "user": [
      "root@gmail.com"
    ],
    "content_type": [
      "accounts",
      "account"
    ],
    "object_id": "4",
    "object_repr": "root@gmail.com",
    "action_flag": 2,
    "change_message": "[{\"changed\": {\"fields\": [\"Role\"]}}]"
  }
},
{
  "model": "admin.logentry",
  "pk": 112,
  "fields": {
    "action_time": "2025-05-27T08:37:12.930Z",
    "user": [
      "root@gmail.com"
    ],
    "content_type": [
      "accounts",
      "account"
    ],
    "object_id": "8",
    "object_repr": "pratapd1303@gmail.com",
    "action_flag": 2,
    "change_message": "[{\"changed\": {\"fields\": [\"First name\"]}}]"
  }
},
{
  "model": "admin.logentry",
  "pk": 113,
  "fields": {
    "action_time": "2025-05-27T10:39:00.296Z",
    "user": [
      "root@gmail.com"
    ],
    "content_type": [
      "accounts",
      "userprofile"
    ],
    "object_id": "5",
    "object_repr": "Dhananjay",
    "action_flag": 2,
    "change_message": "[{\"changed\": {\"fields\": [\"Profile picture\"]}}]"
  }
},
{
  "model": "admin.logentry",
  "pk": 114,
  "fields": {
    "action_time": "2025-05-27T10:39:12.269Z",
    "user": [
      "root@gmail.com"
    ],
    "content_type": [
      "accounts",
      "userprofile"
    ],
    "object_id": "6",
    "object_repr": "Jay",
    "action_flag": 2,
    "change_message": "[{\"changed\": {\"fields\": [\"Profile picture\"]}}]"
  }
},
{
  "model": "admin.logentry",
  "pk": 115,
  "fields": {
    "action_time": "2025-05-27T10:40:54.340Z",
    "user": [
      "root@gmail.com"
    ],
    "content_type": [
      "store",
      "reviewrating"
    ],
    "object_id": "2",
    "object_repr": "Rating",
    "action_flag": 1,
    "change_message": "[{\"added\": {}}]"
  }
},
{
  "model": "admin.logentry",
  "pk": 116,
  "fields": {
    "action_time": "2025-06-02T05:36:09.426Z",
    "user": [
      "root@gmail.com"
    ],
    "content_type": [
      "store",
      "product"
    ],
    "object_id": "1",
    "object_repr": "ATX Jeans",
    "action_flag": 2,
    "change_message": "[{\"changed\": {\"fields\": [\"Images\"]}}]"
  }
},
{
  "model": "admin.logentry",
  "pk": 117,
  "fields": {
    "action_time": "2025-06-02T05:36:38.149Z",
    "user": [
      "root@gmail.com"
    ],
    "content_type": [
      "store",
      "product"
    ],
    "object_id": "2",
    "object_repr": "Great T-Shirt",
    "action_flag": 2,
    "change_message": "[{\"changed\": {\"fields\": [\"Images\"]}}]"
  }
},
{
  "model": "admin.logentry",
  "pk": 118,
  "fields": {
    "action_time": "2025-06-02T05:36:53.970Z",
    "user": [
      "root@gmail.com"
    ],
    "content_type": [
      "store",
      "product"
    ],
    "object_id": "3",
    "object_repr": "RXN Blue Shirt",
    "action_flag": 2,
    "change_message": "[{\"changed\": {\"fields\": [\"Images\"]}}]"
  }
},
{
  "model": "admin.logentry",
  "pk": 119,
  "fields": {
    "action_time": "2025-06-02T05:37:13.179Z",
    "user": [
      "root@gmail.com"
    ],
    "content_type": [
      "store",
      "product"
    ],
    "object_id": "4",
    "object_repr": "Mavi Jeans",
    "action_flag": 2,
    "change_message": "[{\"changed\": {\"fields\": [\"Images\"]}}]"
  }
},
{
  "model": "admin.logentry",
  "pk": 120,
  "fields": {
    "action_time": "2025-06-02T05:37:27.955Z",
    "user": [
      "root@gmail.com"
    ],
    "content_type": [
      "store",
      "product"
    ],
    "object_id": "5",
    "object_repr": "Jordan Basketball Shoes",
    "action_flag": 2,
    "change_message": "[{\"changed\": {\"fields\": [\"Images\"]}}]"
  }
},
{
  "model": "admin.logentry",
  "pk": 121,
  "fields": {
    "action_time": "2025-06-02T05:37:40.873Z",
    "user": [
      "root@gmail.com"
    ],
    "content_type": [
      "store",
      "product"
    ],
    "object_id": "6",
    "object_repr": "Puma Ferrari Shoes",
    "action_flag": 2,
    "change_message": "[{\"changed\": {\"fields\": [\"Images\"]}}]"
  }
},
{
  "model": "admin.logentry",
  "pk": 122,
  "fields": {
    "action_time": "2025-06-02T05:38:02.588Z",
    "user": [
      "root@gmail.com"
    ],
    "content_type": [
      "store",
      "product"
    ],
    "object_id": "7",
    "object_repr": "US Polo Assn Jacket",
    "action_flag": 2,
    "change_message": "[{\"changed\": {\"fields\": [\"Images\"]}}]"
  }
},
{
  "model": "admin.logentry",
  "pk": 123,
  "fields": {
    "action_time": "2025-06-02T05:38:18.935Z",
    "user": [
      "root@gmail.com"
    ],
    "content_type": [
      "store",
      "product"
    ],
    "object_id": "8",
    "object_repr": "Wrangler Shirt",
    "action_flag": 2,
    "change_message": "[{\"changed\": {\"fields\": [\"Images\"]}}]"
  }
},
{
  "model": "admin.logentry",
  "pk": 124,
  "fields": {
    "action_time": "2025-06-02T05:38:37.603Z",
    "user": [
      "root@gmail.com"
    ],
    "content_type": [
      "store",
      "product"
    ],
    "object_id": "9",
    "object_repr": "H&M T-Shirt",
    "action_flag": 2,
    "change_message": "[{\"changed\": {\"fields\": [\"Images\"]}}]"
  }
},
{
  "model": "admin.logentry",
  "pk": 125,
  "fields": {
    "action_time": "2025-06-02T05:38:51.897Z",
    "user": [
      "root@gmail.com"
    ],
    "content_type": [
      "store",
      "product"
    ],
    "object_id": "10",
    "object_repr": "H&M Short",
    "action_flag": 2,
    "change_message": "[{\"changed\": {\"fields\": [\"Images\"]}}]"
  }
},
{
  "model": "admin.logentry",
  "pk": 126,
  "fields": {
    "action_time": "2025-06-02T05:39:07.028Z",
    "user": [
      "root@gmail.com"
    ],
    "content_type": [
      "store",
      "product"
    ],
    "object_id": "11",
    "object_repr": "Raven Bag",
    "action_flag": 2,
    "change_message": "[{\"changed\": {\"fields\": [\"Images\"]}}]"
  }
},
{
  "model": "admin.logentry",
  "pk": 127,
  "fields": {
    "action_time": "2025-06-02T05:39:19.537Z",
    "user": [
      "root@gmail.com"
    ],
    "content_type": [
      "store",
      "product"
    ],
    "object_id": "12",
    "object_repr": "MacBook Cover",
    "action_flag": 2,
    "change_message": "[{\"changed\": {\"fields\": [\"Images\"]}}]"
  }
},
{
  "model": "admin.logentry",
  "pk": 128,
  "fields": {
    "action_time": "2025-06-02T05:39:39.126Z",
    "user": [
      "root@gmail.com"
    ],
    "content_type": [
      "store",
      "product"
    ],
    "object_id": "13",
    "object_repr": "Sofa Chair",
    "action_flag": 2,
    "change_message": "[{\"changed\": {\"fields\": [\"Images\"]}}]"
  }
},
{
  "model": "admin.logentry",
  "pk": 129,
  "fields": {
    "action_time": "2025-06-02T05:40:01.493Z",
    "user": [
      "root@gmail.com"
    ],
    "content_type": [
      "store",
      "product"
    ],
    "object_id": "14",
    "object_repr": "Apple Smartwatch",
    "action_flag": 2,
    "change_message": "[{\"changed\": {\"fields\": [\"Images\"]}}]"
  }
},
{
  "model": "admin.logentry",
  "pk": 130,
  "fields": {
    "action_time": "2025-06-02T05:40:31.883Z",
    "user": [
      "root@gmail.com"
    ],
    "content_type": [
      "store",
      "product"
    ],
    "object_id": "15",
    "object_repr": "Apple Earbuds",
    "action_flag": 2,
    "change_message": "[{\"changed\": {\"fields\": [\"Images\"]}}]"
  }
},
{
  "model": "admin.logentry",
  "pk": 131,
  "fields": {
    "action_time": "2025-06-02T05:40:43.233Z",
    "user": [
      "root@gmail.com"
    ],
    "content_type": [
      "store",
      "product"
    ],
    "object_id": "16",
    "object_repr": "Apple Headphones",
    "action_flag": 2,
    "change_message": "[{\"changed\": {\"fields\": [\"Images\"]}}]"
  }
},
{
  "model": "admin.logentry",
  "pk": 132,
  "fields": {
    "action_time": "2025-06-02T05:40:54.024Z",
    "user": [
      "root@gmail.com"
    ],
    "content_type": [
      "store",
      "product"
    ],
    "object_id": "17",
    "object_repr": "Weighing Machine",
    "action_flag": 2,
    "change_message": "[{\"changed\": {\"fields\": [\"Images\"]}}]"
  }
},
{
  "model": "admin.logentry",
  "pk": 133,
  "fields": {
    "action_time": "2025-06-02T05:41:05.421Z",
    "user": [
      "root@gmail.com"
    ],
    "content_type": [
      "store",
      "product"
    ],
    "object_id": "18",
    "object_repr": "GoPro",
    "action_flag": 2,
    "change_message": "[{\"changed\": {\"fields\": [\"Images\"]}}]"
  }
},
{
  "model": "admin.logentry",
  "pk": 134,
  "fields": {
    "action_time": "2025-06-02T05:41:17.318Z",
    "user": [
      "root@gmail.com"
    ],
    "content_type": [
      "store",
      "product"
    ],
    "object_id": "19",
    "object_repr": "High Top Shoes",
    "action_flag": 2,
    "change_message": "[{\"changed\": {\"fields\": [\"Images\"]}}]"
  }
},
{
  "model": "admin.logentry",
  "pk": 135,
  "fields": {
    "action_time": "2025-06-02T05:41:31.980Z",
    "user": [
      "root@gmail.com"
    ],
    "content_type": [
      "store",
      "product"
    ],
    "object_id": "19",
    "object_repr": "High Top Shoes",
    "action_flag": 2,
    "change_message": "[{\"deleted\": {\"name\": \"productgallery\", \"object\": \"High Top Shoes\"}}, {\"deleted\": {\"name\": \"productgallery\", \"object\": \"High Top Shoes\"}}, {\"deleted\": {\"name\": \"productgallery\", \"object\": \"High Top Shoes\"}}]"
  }
},
{
  "model": "admin.logentry",
  "pk": 136,
  "fields": {
    "action_time": "2025-06-02T05:42:25.282Z",
    "user": [
      "root@gmail.com"
    ],
    "content_type": [
      "store",
      "product"
    ],
    "object_id": "19",
    "object_repr": "High Top Shoes",
    "action_flag": 2,
    "change_message": "[{\"added\": {\"name\": \"productgallery\", \"object\": \"High Top Shoes\"}}, {\"added\": {\"name\": \"productgallery\", \"object\": \"High Top Shoes\"}}]"
  }
},
{
  "model": "admin.logentry",
  "pk": 137,
  "fields": {
    "action_time": "2025-06-02T05:42:49.724Z",
    "user": [
      "root@gmail.com"
    ],
    "content_type": [
      "store",
      "product"
    ],
    "object_id": "20",
    "object_repr": "Brown Jacket",
    "action_flag": 2,
    "change_message": "[{\"changed\": {\"fields\": [\"Images\"]}}]"
  }
},
{
  "model": "admin.logentry",
  "pk": 138,
  "fields": {
    "action_time": "2025-06-02T05:43:17.110Z",
    "user": [
      "root@gmail.com"
    ],
    "content_type": [
      "store",
      "product"
    ],
    "object_id": "21",
    "object_repr": "Levi's Jeans",
    "action_flag": 2,
    "change_message": "[{\"changed\": {\"fields\": [\"Images\"]}}]"
  }
},
{
  "model": "admin.logentry",
  "pk": 139,
  "fields": {
    "action_time": "2025-06-02T05:43:28.774Z",
    "user": [
      "root@gmail.com"
    ],
    "content_type": [
      "store",
      "product"
    ],
    "object_id": "22",
    "object_repr": "QC Adventure Shoes",
    "action_flag": 2,
    "change_message": "[{\"changed\": {\"fields\": [\"Images\"]}}]"
  }
},
{
  "model": "admin.logentry",
  "pk": 140,
  "fields": {
    "action_time": "2025-06-02T05:43:40.681Z",
    "user": [
      "root@gmail.com"
    ],
    "content_type": [
      "store",
      "product"
    ],
    "object_id": "23",
    "object_repr": "Van Heusen T-Shirt",
    "action_flag": 2,
    "change_message": "[{\"changed\": {\"fields\": [\"Images\"]}}]"
  }
},
{
  "model": "admin.logentry",
  "pk": 141,
  "fields": {
    "action_time": "2025-06-02T05:45:11.408Z",
    "user": [
      "root@gmail.com"
    ],
    "content_type": [
      "store",
      "product"
    ],
    "object_id": "24",
    "object_repr": "nike shoes",
    "action_flag": 2,
    "change_message": "[{\"changed\": {\"fields\": [\"Images\"]}}]"
  }
},
{
  "model": "admin.logentry",
  "pk": 142,
  "fields": {
    "action_time": "2025-06-02T05:48:28.238Z",
    "user": [
      "root@gmail.com"
    ],
    "content_type": [
      "store",
      "product"
    ],
    "object_id": "24",
    "object_repr": "nike shoes",
    "action_flag": 2,
    "change_message": "[{\"changed\": {\"fields\": [\"Images\"]}}]"
  }
},
{
  "model": "admin.logentry",
  "pk": 143,
  "fields": {
    "action_time": "2025-06-02T05:54:53.042Z",
    "user": [
      "root@gmail.com"
    ],
    "content_type": [
      "store",
      "product"
    ],
    "object_id": "25",
    "object_repr": "YSL Black Jacket",
    "action_flag": 2,
    "change_message": "[{\"changed\": {\"fields\": [\"Images\"]}}]"
  }
},
{
  "model": "admin.logentry",
  "pk": 144,
  "fields": {
    "action_time": "2025-06-02T06:01:05.516Z",
    "user": [
      "root@gmail.com"
    ],
    "content_type": [
      "store",
      "variation"
    ],
    "object_id": "55",
    "object_repr": "Blue",
    "action_flag": 1,
    "change_message": "[{\"added\": {}}]"
  }
},
{
  "model": "admin.logentry",
  "pk": 145,
  "fields": {
    "action_time": "2025-06-02T06:01:14.377Z",
    "user": [
      "root@gmail.com"
    ],
    "content_type": [
      "store",
      "variation"
    ],
    "object_id": "56",
    "object_repr": "Black",
    "action_flag": 1,
    "change_message": "[{\"added\": {}}]"
  }
},
{
  "model": "admin.logentry",
  "pk": 146,
  "fields": {
    "action_time": "2025-06-02T06:01:25.281Z",
    "user": [
      "root@gmail.com"
    ],
    "content_type": [
      "store",
      "variation"
    ],
    "object_id": "57",
    "object_repr": "Red",
    "action_flag": 1,
    "change_message": "[{\"added\": {}}]"
  }
},
{
  "model": "admin.logentry",
  "pk": 147,
  "fields": {
    "action_time": "2025-06-02T06:01:33.806Z",
    "user": [
      "root@gmail.com"
    ],
    "content_type": [
      "store",
      "variation"
    ],
    "object_id": "58",
    "object_repr": "White",
    "action_flag": 1,
    "change_message": "[{\"added\": {}}]"
  }
},
{
  "model": "admin.logentry",
  "pk": 148,
  "fields": {
    "action_time": "2025-06-02T06:01:46.510Z",
    "user": [
      "root@gmail.com"
    ],
    "content_type": [
      "store",
      "variation"
    ],
    "object_id": "59",
    "object_repr": "Small",
    "action_flag": 1,
    "change_message": "[{\"added\": {}}]"
  }
},
{
  "model": "admin.logentry",
  "pk": 149,
  "fields": {
    "action_time": "2025-06-02T06:01:55.334Z",
    "user": [
      "root@gmail.com"
    ],
    "content_type": [
      "store",
      "variation"
    ],
    "object_id": "60",
    "object_repr": "Medium",
    "action_flag": 1,
    "change_message": "[{\"added\": {}}]"
  }
},
{
  "model": "admin.logentry",
  "pk": 150,
  "fields": {
    "action_time": "2025-06-02T06:02:05.209Z",
    "user": [
      "root@gmail.com"
    ],
    "content_type": [
      "store",
      "variation"
    ],
    "object_id": "61",
    "object_repr": "Large",
    "action_flag": 1,
    "change_message": "[{\"added\": {}}]"
  }
},
{
  "model": "admin.logentry",
  "pk": 151,
  "fields": {
    "action_time": "2025-06-02T06:02:19.107Z",
    "user": [
      "root@gmail.com"
    ],
    "content_type": [
      "store",
      "variation"
    ],
    "object_id": "62",
    "object_repr": "Extra Large",
    "action_flag": 1,
    "change_message": "[{\"added\": {}}]"
  }
},
{
  "model": "admin.logentry",
  "pk": 152,
  "fields": {
    "action_time": "2025-06-02T06:03:11.636Z",
    "user": [
      "root@gmail.com"
    ],
    "content_type": [
      "store",
      "productgallery"
    ],
    "object_id": "8",
    "object_repr": "Wrangler Shirt",
    "action_flag": 3,
    "change_message": ""
  }
},
{
  "model": "admin.logentry",
  "pk": 153,
  "fields": {
    "action_time": "2025-06-02T06:05:12.296Z",
    "user": [
      "root@gmail.com"
    ],
    "content_type": [
      "store",
      "variation"
    ],
    "object_id": "63",
    "object_repr": "Black",
    "action_flag": 1,
    "change_message": "[{\"added\": {}}]"
  }
},
{
  "model": "admin.logentry",
  "pk": 154,
  "fields": {
    "action_time": "2025-06-02T06:05:21.411Z",
    "user": [
      "root@gmail.com"
    ],
    "content_type": [
      "store",
      "variation"
    ],
    "object_id": "64",
    "object_repr": "Olive",
    "action_flag": 1,
    "change_message": "[{\"added\": {}}]"
  }
},
{
  "model": "admin.logentry",
  "pk": 155,
  "fields": {
    "action_time": "2025-06-02T06:05:31.950Z",
    "user": [
      "root@gmail.com"
    ],
    "content_type": [
      "store",
      "variation"
    ],
    "object_id": "65",
    "object_repr": "Blue",
    "action_flag": 1,
    "change_message": "[{\"added\": {}}]"
  }
},
{
  "model": "admin.logentry",
  "pk": 156,
  "fields": {
    "action_time": "2025-06-02T06:05:57.098Z",
    "user": [
      "root@gmail.com"
    ],
    "content_type": [
      "store",
      "variation"
    ],
    "object_id": "66",
    "object_repr": "Small",
    "action_flag": 1,
    "change_message": "[{\"added\": {}}]"
  }
},
{
  "model": "admin.logentry",
  "pk": 157,
  "fields": {
    "action_time": "2025-06-02T06:06:09.975Z",
    "user": [
      "root@gmail.com"
    ],
    "content_type": [
      "store",
      "variation"
    ],
    "object_id": "67",
    "object_repr": "medium",
    "action_flag": 1,
    "change_message": "[{\"added\": {}}]"
  }
},
{
  "model": "admin.logentry",
  "pk": 158,
  "fields": {
    "action_time": "2025-06-02T06:06:19.037Z",
    "user": [
      "root@gmail.com"
    ],
    "content_type": [
      "store",
      "variation"
    ],
    "object_id": "68",
    "object_repr": "Large",
    "action_flag": 1,
    "change_message": "[{\"added\": {}}]"
  }
},
{
  "model": "admin.logentry",
  "pk": 159,
  "fields": {
    "action_time": "2025-06-02T06:06:55.442Z",
    "user": [
      "root@gmail.com"
    ],
    "content_type": [
      "store",
      "productgallery"
    ],
    "object_id": "23",
    "object_repr": "Jordan Basketball Shoes",
    "action_flag": 3,
    "change_message": ""
  }
},
{
  "model": "admin.logentry",
  "pk": 160,
  "fields": {
    "action_time": "2025-06-02T06:06:55.442Z",
    "user": [
      "root@gmail.com"
    ],
    "content_type": [
      "store",
      "productgallery"
    ],
    "object_id": "18",
    "object_repr": "GoPro",
    "action_flag": 3,
    "change_message": ""
  }
},
{
  "model": "admin.logentry",
  "pk": 161,
  "fields": {
    "action_time": "2025-06-02T06:06:55.443Z",
    "user": [
      "root@gmail.com"
    ],
    "content_type": [
      "store",
      "productgallery"
    ],
    "object_id": "17",
    "object_repr": "Weighing Machine",
    "action_flag": 3,
    "change_message": ""
  }
},
{
  "model": "admin.logentry",
  "pk": 162,
  "fields": {
    "action_time": "2025-06-02T06:06:55.443Z",
    "user": [
      "root@gmail.com"
    ],
    "content_type": [
      "store",
      "productgallery"
    ],
    "object_id": "16",
    "object_repr": "Apple Headphones",
    "action_flag": 3,
    "change_message": ""
  }
},
{
  "model": "admin.logentry",
  "pk": 163,
  "fields": {
    "action_time": "2025-06-02T06:06:55.443Z",
    "user": [
      "root@gmail.com"
    ],
    "content_type": [
      "store",
      "productgallery"
    ],
    "object_id": "15",
    "object_repr": "Apple Earbuds",
    "action_flag": 3,
    "change_message": ""
  }
},
{
  "model": "admin.logentry",
  "pk": 164,
  "fields": {
    "action_time": "2025-06-02T06:06:55.443Z",
    "user": [
      "root@gmail.com"
    ],
    "content_type": [
      "store",
      "productgallery"
    ],
    "object_id": "14",
    "object_repr": "Apple Smartwatch",
    "action_flag": 3,
    "change_message": ""
  }
},
{
  "model": "admin.logentry",
  "pk": 165,
  "fields": {
    "action_time": "2025-06-02T06:06:55.443Z",
    "user": [
      "root@gmail.com"
    ],
    "content_type": [
      "store",
      "productgallery"
    ],
    "object_id": "13",
    "object_repr": "Sofa Chair",
    "action_flag": 3,
    "change_message": ""
  }
},
{
  "model": "admin.logentry",
  "pk": 166,
  "fields": {
    "action_time": "2025-06-02T06:06:55.443Z",
    "user": [
      "root@gmail.com"
    ],
    "content_type": [
      "store",
      "productgallery"
    ],
    "object_id": "12",
    "object_repr": "MacBook Cover",
    "action_flag": 3,
    "change_message": ""
  }
},
{
  "model": "admin.logentry",
  "pk": 167,
  "fields": {
    "action_time": "2025-06-02T06:06:55.443Z",
    "user": [
      "root@gmail.com"
    ],
    "content_type": [
      "store",
      "productgallery"
    ],
    "object_id": "11",
    "object_repr": "Raven Bag",
    "action_flag": 3,
    "change_message": ""
  }
},
{
  "model": "admin.logentry",
  "pk": 168,
  "fields": {
    "action_time": "2025-06-02T06:06:55.443Z",
    "user": [
      "root@gmail.com"
    ],
    "content_type": [
      "store",
      "productgallery"
    ],
    "object_id": "10",
    "object_repr": "H&M Short",
    "action_flag": 3,
    "change_message": ""
  }
},
{
  "model": "admin.logentry",
  "pk": 169,
  "fields": {
    "action_time": "2025-06-02T06:06:55.443Z",
    "user": [
      "root@gmail.com"
    ],
    "content_type": [
      "store",
      "productgallery"
    ],
    "object_id": "9",
    "object_repr": "H&M T-Shirt",
    "action_flag": 3,
    "change_message": ""
  }
},
{
  "model": "admin.logentry",
  "pk": 170,
  "fields": {
    "action_time": "2025-06-02T06:06:55.443Z",
    "user": [
      "root@gmail.com"
    ],
    "content_type": [
      "store",
      "productgallery"
    ],
    "object_id": "7",
    "object_repr": "US Polo Assn Jacket",
    "action_flag": 3,
    "change_message": ""
  }
},
{
  "model": "admin.logentry",
  "pk": 171,
  "fields": {
    "action_time": "2025-06-02T06:06:55.443Z",
    "user": [
      "root@gmail.com"
    ],
    "content_type": [
      "store",
      "productgallery"
    ],
    "object_id": "6",
    "object_repr": "Puma Ferrari Shoes",
    "action_flag": 3,
    "change_message": ""
  }
},
{
  "model": "admin.logentry",
  "pk": 172,
  "fields": {
    "action_time": "2025-06-02T06:06:55.443Z",
    "user": [
      "root@gmail.com"
    ],
    "content_type": [
      "store",
      "productgallery"
    ],
    "object_id": "4",
    "object_repr": "Mavi Jeans",
    "action_flag": 3,
    "change_message": ""
  }
},
{
  "model": "admin.logentry",
  "pk": 173,
  "fields": {
    "action_time": "2025-06-02T06:06:55.443Z",
    "user": [
      "root@gmail.com"
    ],
    "content_type": [
      "store",
      "productgallery"
    ],
    "object_id": "3",
    "object_repr": "RXN Blue Shirt",
    "action_flag": 3,
    "change_message": ""
  }
},
{
  "model": "admin.logentry",
  "pk": 174,
  "fields": {
    "action_time": "2025-06-02T06:06:55.443Z",
    "user": [
      "root@gmail.com"
    ],
    "content_type": [
      "store",
      "productgallery"
    ],
    "object_id": "2",
    "object_repr": "Great T-Shirt",
    "action_flag": 3,
    "change_message": ""
  }
},
{
  "model": "admin.logentry",
  "pk": 175,
  "fields": {
    "action_time": "2025-06-02T06:06:55.443Z",
    "user": [
      "root@gmail.com"
    ],
    "content_type": [
      "store",
      "productgallery"
    ],
    "object_id": "1",
    "object_repr": "ATX Jeans",
    "action_flag": 3,
    "change_message": ""
  }
},
{
  "model": "admin.logentry",
  "pk": 176,
  "fields": {
    "action_time": "2025-06-02T06:07:34.392Z",
    "user": [
      "root@gmail.com"
    ],
    "content_type": [
      "store",
      "variation"
    ],
    "object_id": "69",
    "object_repr": "Blue",
    "action_flag": 1,
    "change_message": "[{\"added\": {}}]"
  }
},
{
  "model": "admin.logentry",
  "pk": 177,
  "fields": {
    "action_time": "2025-06-02T06:07:43.232Z",
    "user": [
      "root@gmail.com"
    ],
    "content_type": [
      "store",
      "variation"
    ],
    "object_id": "70",
    "object_repr": "Black",
    "action_flag": 1,
    "change_message": "[{\"added\": {}}]"
  }
},
{
  "model": "admin.logentry",
  "pk": 178,
  "fields": {
    "action_time": "2025-06-02T06:07:53.677Z",
    "user": [
      "root@gmail.com"
    ],
    "content_type": [
      "store",
      "variation"
    ],
    "object_id": "71",
    "object_repr": "Gray",
    "action_flag": 1,
    "change_message": "[{\"added\": {}}]"
  }
},
{
  "model": "admin.logentry",
  "pk": 179,
  "fields": {
    "action_time": "2025-06-02T06:08:03.035Z",
    "user": [
      "root@gmail.com"
    ],
    "content_type": [
      "store",
      "variation"
    ],
    "object_id": "72",
    "object_repr": "Small",
    "action_flag": 1,
    "change_message": "[{\"added\": {}}]"
  }
},
{
  "model": "admin.logentry",
  "pk": 180,
  "fields": {
    "action_time": "2025-06-02T06:08:12.407Z",
    "user": [
      "root@gmail.com"
    ],
    "content_type": [
      "store",
      "variation"
    ],
    "object_id": "73",
    "object_repr": "Medium",
    "action_flag": 1,
    "change_message": "[{\"added\": {}}]"
  }
},
{
  "model": "admin.logentry",
  "pk": 181,
  "fields": {
    "action_time": "2025-06-02T06:08:21.590Z",
    "user": [
      "root@gmail.com"
    ],
    "content_type": [
      "store",
      "variation"
    ],
    "object_id": "74",
    "object_repr": "Large",
    "action_flag": 1,
    "change_message": "[{\"added\": {}}]"
  }
},
{
  "model": "admin.logentry",
  "pk": 182,
  "fields": {
    "action_time": "2025-06-02T06:08:58.973Z",
    "user": [
      "root@gmail.com"
    ],
    "content_type": [
      "store",
      "variation"
    ],
    "object_id": "75",
    "object_repr": "Blue",
    "action_flag": 1,
    "change_message": "[{\"added\": {}}]"
  }
},
{
  "model": "admin.logentry",
  "pk": 183,
  "fields": {
    "action_time": "2025-06-02T06:09:11.892Z",
    "user": [
      "root@gmail.com"
    ],
    "content_type": [
      "store",
      "variation"
    ],
    "object_id": "76",
    "object_repr": "Medium",
    "action_flag": 1,
    "change_message": "[{\"added\": {}}]"
  }
},
{
  "model": "admin.logentry",
  "pk": 184,
  "fields": {
    "action_time": "2025-06-02T06:09:42.853Z",
    "user": [
      "root@gmail.com"
    ],
    "content_type": [
      "store",
      "variation"
    ],
    "object_id": "76",
    "object_repr": "Medium",
    "action_flag": 3,
    "change_message": ""
  }
},
{
  "model": "admin.logentry",
  "pk": 185,
  "fields": {
    "action_time": "2025-06-02T06:09:54.712Z",
    "user": [
      "root@gmail.com"
    ],
    "content_type": [
      "store",
      "variation"
    ],
    "object_id": "77",
    "object_repr": "Small",
    "action_flag": 1,
    "change_message": "[{\"added\": {}}]"
  }
},
{
  "model": "admin.logentry",
  "pk": 186,
  "fields": {
    "action_time": "2025-06-02T06:10:12.925Z",
    "user": [
      "root@gmail.com"
    ],
    "content_type": [
      "store",
      "variation"
    ],
    "object_id": "78",
    "object_repr": "Brown",
    "action_flag": 1,
    "change_message": "[{\"added\": {}}]"
  }
},
{
  "model": "admin.logentry",
  "pk": 187,
  "fields": {
    "action_time": "2025-06-02T06:10:26.054Z",
    "user": [
      "root@gmail.com"
    ],
    "content_type": [
      "store",
      "variation"
    ],
    "object_id": "79",
    "object_repr": "Black",
    "action_flag": 1,
    "change_message": "[{\"added\": {}}]"
  }
},
{
  "model": "admin.logentry",
  "pk": 188,
  "fields": {
    "action_time": "2025-06-02T06:10:35.106Z",
    "user": [
      "root@gmail.com"
    ],
    "content_type": [
      "store",
      "variation"
    ],
    "object_id": "80",
    "object_repr": "Gray",
    "action_flag": 1,
    "change_message": "[{\"added\": {}}]"
  }
},
{
  "model": "admin.logentry",
  "pk": 189,
  "fields": {
    "action_time": "2025-06-02T06:11:28.666Z",
    "user": [
      "root@gmail.com"
    ],
    "content_type": [
      "store",
      "variation"
    ],
    "object_id": "81",
    "object_repr": "14 Inch",
    "action_flag": 1,
    "change_message": "[{\"added\": {}}]"
  }
},
{
  "model": "admin.logentry",
  "pk": 190,
  "fields": {
    "action_time": "2025-06-02T06:11:44.370Z",
    "user": [
      "root@gmail.com"
    ],
    "content_type": [
      "store",
      "variation"
    ],
    "object_id": "82",
    "object_repr": "15 Inch",
    "action_flag": 1,
    "change_message": "[{\"added\": {}}]"
  }
},
{
  "model": "admin.logentry",
  "pk": 191,
  "fields": {
    "action_time": "2025-06-02T06:11:55.388Z",
    "user": [
      "root@gmail.com"
    ],
    "content_type": [
      "store",
      "variation"
    ],
    "object_id": "83",
    "object_repr": "16 Inch",
    "action_flag": 1,
    "change_message": "[{\"added\": {}}]"
  }
},
{
  "model": "admin.logentry",
  "pk": 192,
  "fields": {
    "action_time": "2025-06-03T05:27:45.217Z",
    "user": [
      "root@gmail.com"
    ],
    "content_type": [
      "store",
      "product"
    ],
    "object_id": "26",
    "object_repr": "Full Sleeve Check Shirt",
    "action_flag": 2,
    "change_message": "[{\"changed\": {\"fields\": [\"Images\"]}}]"
  }
},
{
  "model": "admin.logentry",
  "pk": 193,
  "fields": {
    "action_time": "2025-06-03T05:28:33.573Z",
    "user": [
      "root@gmail.com"
    ],
    "content_type": [
      "store",
      "product"
    ],
    "object_id": "26",
    "object_repr": "Full Sleeve Check Shirt",
    "action_flag": 2,
    "change_message": "[{\"changed\": {\"fields\": [\"Images\"]}}]"
  }
},
{
  "model": "admin.logentry",
  "pk": 194,
  "fields": {
    "action_time": "2025-06-03T05:43:36.883Z",
    "user": [
      "root@gmail.com"
    ],
    "content_type": [
      "store",
      "variation"
    ],
    "object_id": "86",
    "object_repr": "Black",
    "action_flag": 1,
    "change_message": "[{\"added\": {}}]"
  }
},
{
  "model": "admin.logentry",
  "pk": 195,
  "fields": {
    "action_time": "2025-06-03T05:43:49.031Z",
    "user": [
      "root@gmail.com"
    ],
    "content_type": [
      "store",
      "variation"
    ],
    "object_id": "87",
    "object_repr": "Blue",
    "action_flag": 1,
    "change_message": "[{\"added\": {}}]"
  }
},
{
  "model": "admin.logentry",
  "pk": 196,
  "fields": {
    "action_time": "2025-06-03T05:43:58.900Z",
    "user": [
      "root@gmail.com"
    ],
    "content_type": [
      "store",
      "variation"
    ],
    "object_id": "88",
    "object_repr": "Medium",
    "action_flag": 1,
    "change_message": "[{\"added\": {}}]"
  }
},
{
  "model": "admin.logentry",
  "pk": 197,
  "fields": {
    "action_time": "2025-06-03T05:44:07.954Z",
    "user": [
      "root@gmail.com"
    ],
    "content_type": [
      "store",
      "variation"
    ],
    "object_id": "89",
    "object_repr": "Large",
    "action_flag": 1,
    "change_message": "[{\"added\": {}}]"
  }
},
{
  "model": "admin.logentry",
  "pk": 198,
  "fields": {
    "action_time": "2025-06-03T05:49:02.831Z",
    "user": [
      "root@gmail.com"
    ],
    "content_type": [
      "store",
      "productgallery"
    ],
    "object_id": "26",
    "object_repr": "Full Sleeve Check Shirt",
    "action_flag": 1,
    "change_message": "[{\"added\": {}}]"
  }
},
{
  "model": "admin.logentry",
  "pk": 199,
  "fields": {
    "action_time": "2025-06-03T05:50:21.191Z",
    "user": [
      "root@gmail.com"
    ],
    "content_type": [
      "store",
      "product"
    ],
    "object_id": "26",
    "object_repr": "Rare Rabbit Full Sleeve Check Shirt",
    "action_flag": 2,
    "change_message": "[{\"changed\": {\"fields\": [\"Product name\", \"Description\", \"Images\"]}}]"
  }
},
{
  "model": "admin.logentry",
  "pk": 200,
  "fields": {
    "action_time": "2025-06-03T05:51:54.671Z",
    "user": [
      "root@gmail.com"
    ],
    "content_type": [
      "store",
      "product"
    ],
    "object_id": "26",
    "object_repr": "Rare Rabbit Full Sleeve Check Shirt",
    "action_flag": 2,
    "change_message": "[{\"changed\": {\"fields\": [\"Images\"]}}]"
  }
},
{
  "model": "admin.logentry",
  "pk": 201,
  "fields": {
    "action_time": "2025-06-03T05:57:18.642Z",
    "user": [
      "root@gmail.com"
    ],
    "content_type": [
      "store",
      "productgallery"
    ],
    "object_id": "27",
    "object_repr": "Rare Rabbit Full Sleeve Check Shirt",
    "action_flag": 1,
    "change_message": "[{\"added\": {}}]"
  }
},
{
  "model": "admin.logentry",
  "pk": 202,
  "fields": {
    "action_time": "2025-06-03T05:57:31.194Z",
    "user": [
      "root@gmail.com"
    ],
    "content_type": [
      "store",
      "productgallery"
    ],
    "object_id": "28",
    "object_repr": "Rare Rabbit Full Sleeve Check Shirt",
    "action_flag": 1,
    "change_message": "[{\"added\": {}}]"
  }
},
{
  "model": "admin.logentry",
  "pk": 203,
  "fields": {
    "action_time": "2025-06-03T05:57:41.777Z",
    "user": [
      "root@gmail.com"
    ],
    "content_type": [
      "store",
      "productgallery"
    ],
    "object_id": "29",
    "object_repr": "Rare Rabbit Full Sleeve Check Shirt",
    "action_flag": 1,
    "change_message": "[{\"added\": {}}]"
  }
},
{
  "model": "admin.logentry",
  "pk": 204,
  "fields": {
    "action_time": "2025-06-03T05:57:52.377Z",
    "user": [
      "root@gmail.com"
    ],
    "content_type": [
      "store",
      "productgallery"
    ],
    "object_id": "30",
    "object_repr": "Rare Rabbit Full Sleeve Check Shirt",
    "action_flag": 1,
    "change_message": "[{\"added\": {}}]"
  }
},
{
  "model": "admin.logentry",
  "pk": 205,
  "fields": {
    "action_time": "2025-06-03T05:58:08.777Z",
    "user": [
      "root@gmail.com"
    ],
    "content_type": [
      "store",
      "productgallery"
    ],
    "object_id": "31",
    "object_repr": "Rare Rabbit Full Sleeve Check Shirt",
    "action_flag": 1,
    "change_message": "[{\"added\": {}}]"
  }
},
{
  "model": "admin.logentry",
  "pk": 206,
  "fields": {
    "action_time": "2025-06-03T05:58:20.506Z",
    "user": [
      "root@gmail.com"
    ],
    "content_type": [
      "store",
      "productgallery"
    ],
    "object_id": "32",
    "object_repr": "Rare Rabbit Full Sleeve Check Shirt",
    "action_flag": 1,
    "change_message": "[{\"added\": {}}]"
  }
},
{
  "model": "admin.logentry",
  "pk": 207,
  "fields": {
    "action_time": "2025-06-03T05:58:31.710Z",
    "user": [
      "root@gmail.com"
    ],
    "content_type": [
      "store",
      "productgallery"
    ],
    "object_id": "33",
    "object_repr": "Rare Rabbit Full Sleeve Check Shirt",
    "action_flag": 1,
    "change_message": "[{\"added\": {}}]"
  }
},
{
  "model": "admin.logentry",
  "pk": 208,
  "fields": {
    "action_time": "2025-06-03T05:59:36.621Z",
    "user": [
      "root@gmail.com"
    ],
    "content_type": [
      "store",
      "productgallery"
    ],
    "object_id": "26",
    "object_repr": "Rare Rabbit Full Sleeve Check Shirt",
    "action_flag": 2,
    "change_message": "[{\"changed\": {\"fields\": [\"Image\"]}}]"
  }
},
{
  "model": "admin.logentry",
  "pk": 209,
  "fields": {
    "action_time": "2025-06-03T06:02:27.991Z",
    "user": [
      "root@gmail.com"
    ],
    "content_type": [
      "store",
      "product"
    ],
    "object_id": "26",
    "object_repr": "Rare Rabbit Check Shirt",
    "action_flag": 2,
    "change_message": "[{\"changed\": {\"fields\": [\"Product name\", \"Slug\"]}}]"
  }
},
{
  "model": "admin.logentry",
  "pk": 210,
  "fields": {
    "action_time": "2025-06-03T06:03:54.861Z",
    "user": [
      "root@gmail.com"
    ],
    "content_type": [
      "store",
      "product"
    ],
    "object_id": "26",
    "object_repr": "Rare Rabbit Check Shirt",
    "action_flag": 2,
    "change_message": "[{\"changed\": {\"fields\": [\"Price\"]}}]"
  }
},
{
  "model": "admin.logentry",
  "pk": 211,
  "fields": {
    "action_time": "2025-06-03T06:39:07.329Z",
    "user": [
      "root@gmail.com"
    ],
    "content_type": [
      "store",
      "product"
    ],
    "object_id": "28",
    "object_repr": "US Polo T-Shirt",
    "action_flag": 3,
    "change_message": ""
  }
},
{
  "model": "admin.logentry",
  "pk": 212,
  "fields": {
    "action_time": "2025-06-03T07:07:44.813Z",
    "user": [
      "root@gmail.com"
    ],
    "content_type": [
      "store",
      "product"
    ],
    "object_id": "27",
    "object_repr": "Vertical Striped Pure Cotton Polo Shirt",
    "action_flag": 3,
    "change_message": ""
  }
},
{
  "model": "admin.logentry",
  "pk": 213,
  "fields": {
    "action_time": "2025-06-03T07:08:53.413Z",
    "user": [
      "root@gmail.com"
    ],
    "content_type": [
      "store",
      "product"
    ],
    "object_id": "29",
    "object_repr": "US Polo T-Shirt",
    "action_flag": 2,
    "change_message": "[{\"added\": {\"name\": \"productgallery\", \"object\": \"US Polo T-Shirt\"}}, {\"added\": {\"name\": \"productgallery\", \"object\": \"US Polo T-Shirt\"}}, {\"added\": {\"name\": \"productgallery\", \"object\": \"US Polo T-Shirt\"}}, {\"added\": {\"name\": \"productgallery\", \"object\": \"US Polo T-Shirt\"}}, {\"added\": {\"name\": \"productgallery\", \"object\": \"US Polo T-Shirt\"}}, {\"added\": {\"name\": \"productgallery\", \"object\": \"US Polo T-Shirt\"}}]"
  }
},
{
  "model": "admin.logentry",
  "pk": 214,
  "fields": {
    "action_time": "2025-06-04T07:13:44.234Z",
    "user": [
      "root@gmail.com"
    ],
    "content_type": [
      "store",
      "product"
    ],
    "object_id": "29",
    "object_repr": "US Polo T-Shirt",
    "action_flag": 2,
    "change_message": "[{\"changed\": {\"fields\": [\"Images\"]}}, {\"deleted\": {\"name\": \"productgallery\", \"object\": \"US Polo T-Shirt\"}}, {\"deleted\": {\"name\": \"productgallery\", \"object\": \"US Polo T-Shirt\"}}, {\"deleted\": {\"name\": \"productgallery\", \"object\": \"US Polo T-Shirt\"}}, {\"deleted\": {\"name\": \"productgallery\", \"object\": \"US Polo T-Shirt\"}}, {\"deleted\": {\"name\": \"productgallery\", \"object\": \"US Polo T-Shirt\"}}, {\"deleted\": {\"name\": \"productgallery\", \"object\": \"US Polo T-Shirt\"}}]"
  }
},
{
  "model": "admin.logentry",
  "pk": 215,
  "fields": {
    "action_time": "2025-06-04T08:57:29.787Z",
    "user": [
      "root@gmail.com"
    ],
    "content_type": [
      "category",
      "category"
    ],
    "object_id": "15",
    "object_repr": "Furniture",
    "action_flag": 1,
    "change_message": "[{\"added\": {}}]"
  }
},
{
  "model": "admin.logentry",
  "pk": 216,
  "fields": {
    "action_time": "2025-06-04T08:57:40.122Z",
    "user": [
      "root@gmail.com"
    ],
    "content_type": [
      "category",
      "category"
    ],
    "object_id": "15",
    "object_repr": "Furniture",
    "action_flag": 3,
    "change_message": ""
  }
},
{
  "model": "admin.logentry",
  "pk": 217,
  "fields": {
    "action_time": "2025-06-04T09:01:22.859Z",
    "user": [
      "root@gmail.com"
    ],
    "content_type": [
      "store",
      "product"
    ],
    "object_id": "26",
    "object_repr": "Rare Rabbit Check Shirt",
    "action_flag": 2,
    "change_message": "[{\"changed\": {\"fields\": [\"Images\"]}}, {\"deleted\": {\"name\": \"productgallery\", \"object\": \"Rare Rabbit Check Shirt\"}}, {\"deleted\": {\"name\": \"productgallery\", \"object\": \"Rare Rabbit Check Shirt\"}}, {\"deleted\": {\"name\": \"productgallery\", \"object\": \"Rare Rabbit Check Shirt\"}}, {\"deleted\": {\"name\": \"productgallery\", \"object\": \"Rare Rabbit Check Shirt\"}}, {\"deleted\": {\"name\": \"productgallery\", \"object\": \"Rare Rabbit Check Shirt\"}}, {\"deleted\": {\"name\": \"productgallery\", \"object\": \"Rare Rabbit Check Shirt\"}}, {\"deleted\": {\"name\": \"productgallery\", \"object\": \"Rare Rabbit Check Shirt\"}}, {\"deleted\": {\"name\": \"productgallery\", \"object\": \"Rare Rabbit Check Shirt\"}}]"
  }
},
{
  "model": "admin.logentry",
  "pk": 218,
  "fields": {
    "action_time": "2025-06-05T05:21:51.970Z",
    "user": [
      "root@gmail.com"
    ],
    "content_type": [
      "store",
      "variation"
    ],
    "object_id": "98",
    "object_repr": "Black",
    "action_flag": 1,
    "change_message": "[{\"added\": {}}]"
  }
},
{
  "model": "admin.logentry",
  "pk": 219,
  "fields": {
    "action_time": "2025-06-05T05:22:08.130Z",
    "user": [
      "root@gmail.com"
    ],
    "content_type": [
      "store",
      "variation"
    ],
    "object_id": "99",
    "object_repr": "White",
    "action_flag": 1,
    "change_message": "[{\"added\": {}}]"
  }
},
{
  "model": "admin.logentry",
  "pk": 220,
  "fields": {
    "action_time": "2025-06-05T05:22:21.364Z",
    "user": [
      "root@gmail.com"
    ],
    "content_type": [
      "store",
      "variation"
    ],
    "object_id": "100",
    "object_repr": "Red",
    "action_flag": 1,
    "change_message": "[{\"added\": {}}]"
  }
},
{
  "model": "admin.logentry",
  "pk": 221,
  "fields": {
    "action_time": "2025-06-05T05:22:32.820Z",
    "user": [
      "root@gmail.com"
    ],
    "content_type": [
      "store",
      "variation"
    ],
    "object_id": "101",
    "object_repr": "7",
    "action_flag": 1,
    "change_message": "[{\"added\": {}}]"
  }
},
{
  "model": "admin.logentry",
  "pk": 222,
  "fields": {
    "action_time": "2025-06-05T05:22:50.135Z",
    "user": [
      "root@gmail.com"
    ],
    "content_type": [
      "store",
      "variation"
    ],
    "object_id": "102",
    "object_repr": "8",
    "action_flag": 1,
    "change_message": "[{\"added\": {}}]"
  }
},
{
  "model": "admin.logentry",
  "pk": 223,
  "fields": {
    "action_time": "2025-06-05T05:23:00.755Z",
    "user": [
      "root@gmail.com"
    ],
    "content_type": [
      "store",
      "variation"
    ],
    "object_id": "103",
    "object_repr": "9",
    "action_flag": 1,
    "change_message": "[{\"added\": {}}]"
  }
},
{
  "model": "admin.logentry",
  "pk": 224,
  "fields": {
    "action_time": "2025-06-30T11:45:40.521Z",
    "user": [
      "root@gmail.com"
    ],
    "content_type": [
      "accounts",
      "account"
    ],
    "object_id": "8",
    "object_repr": "pratapd1303@gmail.com",
    "action_flag": 2,
    "change_message": "[{\"changed\": {\"fields\": [\"Role\"]}}]"
  }
},
{
  "model": "admin.logentry",
  "pk": 225,
  "fields": {
    "action_time": "2025-06-30T11:45:53.640Z",
    "user": [
      "root@gmail.com"
    ],
    "content_type": [
      "accounts",
      "account"
    ],
    "object_id": "4",
    "object_repr": "root@gmail.com",
    "action_flag": 2,
    "change_message": "[{\"changed\": {\"fields\": [\"Role\"]}}]"
  }
},
{
  "model": "admin.logentry",
  "pk": 226,
  "fields": {
    "action_time": "2025-06-30T11:46:35.297Z",
    "user": [
      "root@gmail.com"
    ],
    "content_type": [
      "accounts",
      "account"
    ],
    "object_id": "9",
    "object_repr": "",
    "action_flag": 3,
    "change_message": ""
  }
},
{
  "model": "admin.logentry",
  "pk": 227,
  "fields": {
    "action_time": "2025-06-30T11:56:24.626Z",
    "user": [
      "root@gmail.com"
    ],
    "content_type": [
      "accounts",
      "account"
    ],
    "object_id": "10",
    "object_repr": "pratapdhananjay738@gmail.com",
    "action_flag": 2,
    "change_message": "[{\"changed\": {\"fields\": [\"Is active\"]}}]"
  }
},
{
  "model": "admin.logentry",
  "pk": 228,
  "fields": {
    "action_time": "2025-07-01T05:06:44.431Z",
    "user": [
      "root@gmail.com"
    ],
    "content_type": [
      "accounts",
      "account"
    ],
    "object_id": "11",
    "object_repr": "",
    "action_flag": 3,
    "change_message": ""
  }
},
{
  "model": "admin.logentry",
  "pk": 229,
  "fields": {
    "action_time": "2025-07-01T05:06:44.431Z",
    "user": [
      "root@gmail.com"
    ],
    "content_type": [
      "accounts",
      "account"
    ],
    "object_id": "8",
    "object_repr": "pratapd1303@gmail.com",
    "action_flag": 3,
    "change_message": ""
  }
},
{
  "model": "admin.logentry",
  "pk": 230,
  "fields": {
    "action_time": "2025-07-01T05:34:22.040Z",
    "user": [
      "root@gmail.com"
    ],
    "content_type": [
      "accounts",
      "account"
    ],
    "object_id": "12",
    "object_repr": "pratapd1303@gmail.com",
    "action_flag": 3,
    "change_message": ""
  }
},
{
  "model": "admin.logentry",
  "pk": 231,
  "fields": {
    "action_time": "2025-07-01T07:01:55.154Z",
    "user": [
      "root@gmail.com"
    ],
    "content_type": [
      "orders",
      "order"
    ],
    "object_id": "10",
    "object_repr": "Dhananjay",
    "action_flag": 2,
    "change_message": "[{\"changed\": {\"fields\": [\"Status\"]}}]"
  }
},
{
  "model": "admin.logentry",
  "pk": 232,
  "fields": {
    "action_time": "2025-07-01T07:02:14.297Z",
    "user": [
      "root@gmail.com"
    ],
    "content_type": [
      "orders",
      "order"
    ],
    "object_id": "10",
    "object_repr": "Dhananjay",
    "action_flag": 2,
    "change_message": "[{\"changed\": {\"fields\": [\"Status\"]}}]"
  }
},
{
  "model": "admin.logentry",
  "pk": 233,
  "fields": {
    "action_time": "2025-07-01T07:03:45.961Z",
    "user": [
      "root@gmail.com"
    ],
    "content_type": [
      "orders",
      "payment"
    ],
    "object_id": "5",
    "object_repr": "Payment #5 | UPI | Paid",
    "action_flag": 2,
    "change_message": "[{\"changed\": {\"fields\": [\"Payment method\", \"Status\", \"Delivery status\"]}}]"
  }
},
{
  "model": "admin.logentry",
  "pk": 234,
  "fields": {
    "action_time": "2025-07-01T09:52:25.699Z",
    "user": [
      "root@gmail.com"
    ],
    "content_type": [
      "orders",
      "payment"
    ],
    "object_id": "5",
    "object_repr": "Payment #5 | UPI | Paid",
    "action_flag": 2,
    "change_message": "[{\"changed\": {\"fields\": [\"Delivery status\"]}}]"
  }
},
{
  "model": "admin.logentry",
  "pk": 235,
  "fields": {
    "action_time": "2025-07-01T10:54:44.173Z",
    "user": [
      "root@gmail.com"
    ],
    "content_type": [
      "store",
      "product"
    ],
    "object_id": "30",
    "object_repr": "Phone",
    "action_flag": 1,
    "change_message": "[{\"added\": {}}]"
  }
},
{
  "model": "admin.logentry",
  "pk": 236,
  "fields": {
    "action_time": "2025-07-01T10:54:57.833Z",
    "user": [
      "root@gmail.com"
    ],
    "content_type": [
      "store",
      "product"
    ],
    "object_id": "30",
    "object_repr": "Samsung Phone",
    "action_flag": 2,
    "change_message": "[{\"changed\": {\"fields\": [\"Product name\"]}}]"
  }
},
{
  "model": "admin.logentry",
  "pk": 237,
  "fields": {
    "action_time": "2025-07-01T10:56:31.021Z",
    "user": [
      "root@gmail.com"
    ],
    "content_type": [
      "store",
      "product"
    ],
    "object_id": "30",
    "object_repr": "Samsung Phone",
    "action_flag": 2,
    "change_message": "[{\"added\": {\"name\": \"productgallery\", \"object\": \"Samsung Phone\"}}, {\"added\": {\"name\": \"productgallery\", \"object\": \"Samsung Phone\"}}, {\"added\": {\"name\": \"productgallery\", \"object\": \"Samsung Phone\"}}]"
  }
},
{
  "model": "admin.logentry",
  "pk": 238,
  "fields": {
    "action_time": "2025-07-01T11:02:28.639Z",
    "user": [
      "root@gmail.com"
    ],
    "content_type": [
      "store",
      "product"
    ],
    "object_id": "30",
    "object_repr": "Samsung Phone",
    "action_flag": 3,
    "change_message": ""
  }
},
{
  "model": "admin.logentry",
  "pk": 239,
  "fields": {
    "action_time": "2025-07-01T11:04:04.053Z",
    "user": [
      "root@gmail.com"
    ],
    "content_type": [
      "store",
      "product"
    ],
    "object_id": "31",
    "object_repr": "Samsung Phone",
    "action_flag": 1,
    "change_message": "[{\"added\": {}}]"
  }
},
{
  "model": "admin.logentry",
  "pk": 240,
  "fields": {
    "action_time": "2025-07-01T11:04:27.051Z",
    "user": [
      "root@gmail.com"
    ],
    "content_type": [
      "store",
      "product"
    ],
    "object_id": "31",
    "object_repr": "Samsung Phone",
    "action_flag": 2,
    "change_message": "[{\"added\": {\"name\": \"productgallery\", \"object\": \"Samsung Phone\"}}, {\"added\": {\"name\": \"productgallery\", \"object\": \"Samsung Phone\"}}]"
  }
},
{
  "model": "admin.logentry",
  "pk": 241,
  "fields": {
    "action_time": "2025-07-02T05:42:23.672Z",
    "user": [
      "root@gmail.com"
    ],
    "content_type": [
      "accounts",
      "account"
    ],
    "object_id": "14",
    "object_repr": "",
    "action_flag": 3,
    "change_message": ""
  }
},
{
  "model": "admin.logentry",
  "pk": 242,
  "fields": {
    "action_time": "2025-07-02T05:44:24.747Z",
    "user": [
      "root@gmail.com"
    ],
    "content_type": [
      "accounts",
      "account"
    ],
    "object_id": "15",
    "object_repr": "",
    "action_flag": 3,
    "change_message": ""
  }
},
{
  "model": "admin.logentry",
  "pk": 243,
  "fields": {
    "action_time": "2025-07-02T07:03:59.887Z",
    "user": [
      "root@gmail.com"
    ],
    "content_type": [
      "store",
      "product"
    ],
    "object_id": "31",
    "object_repr": "Samsung Phone",
    "action_flag": 2,
    "change_message": "[{\"changed\": {\"fields\": [\"Description\"]}}]"
  }
},
{
  "model": "admin.logentry",
  "pk": 244,
  "fields": {
    "action_time": "2025-07-03T04:43:09.310Z",
    "user": [
      "root@gmail.com"
    ],
    "content_type": [
      "accounts",
      "account"
    ],
    "object_id": "16",
    "object_repr": "",
    "action_flag": 3,
    "change_message": ""
  }
},
{
  "model": "admin.logentry",
  "pk": 245,
  "fields": {
    "action_time": "2025-07-03T05:30:38.289Z",
    "user": [
      "root@gmail.com"
    ],
    "content_type": [
      "store",
      "variation"
    ],
    "object_id": "103",
    "object_repr": "nike shoes - size - 9",
    "action_flag": 2,
    "change_message": "[{\"changed\": {\"fields\": [\"Price\"]}}]"
  }
},
{
  "model": "admin.logentry",
  "pk": 246,
  "fields": {
    "action_time": "2025-07-03T05:30:50.022Z",
    "user": [
      "root@gmail.com"
    ],
    "content_type": [
      "store",
      "variation"
    ],
    "object_id": "102",
    "object_repr": "nike shoes - size - 8",
    "action_flag": 2,
    "change_message": "[{\"changed\": {\"fields\": [\"Price\"]}}]"
  }
},
{
  "model": "admin.logentry",
  "pk": 247,
  "fields": {
    "action_time": "2025-07-03T05:31:52.884Z",
    "user": [
      "root@gmail.com"
    ],
    "content_type": [
      "store",
      "variation"
    ],
    "object_id": "98",
    "object_repr": "nike shoes - color - Black",
    "action_flag": 2,
    "change_message": "[{\"changed\": {\"fields\": [\"Price\"]}}]"
  }
},
{
  "model": "admin.logentry",
  "pk": 248,
  "fields": {
    "action_time": "2025-07-03T05:33:06.625Z",
    "user": [
      "root@gmail.com"
    ],
    "content_type": [
      "store",
      "variation"
    ],
    "object_id": "99",
    "object_repr": "nike shoes - color - White",
    "action_flag": 2,
    "change_message": "[{\"changed\": {\"fields\": [\"Price\"]}}]"
  }
},
{
  "model": "admin.logentry",
  "pk": 249,
  "fields": {
    "action_time": "2025-07-03T06:36:08.035Z",
    "user": [
      "root@gmail.com"
    ],
    "content_type": [
      "store",
      "variation"
    ],
    "object_id": "102",
    "object_repr": "nike shoes - size - 8",
    "action_flag": 2,
    "change_message": "[{\"changed\": {\"fields\": [\"Price\"]}}]"
  }
},
{
  "model": "admin.logentry",
  "pk": 250,
  "fields": {
    "action_time": "2025-07-03T06:36:51.607Z",
    "user": [
      "root@gmail.com"
    ],
    "content_type": [
      "store",
      "variation"
    ],
    "object_id": "101",
    "object_repr": "nike shoes - size - 7",
    "action_flag": 2,
    "change_message": "[{\"changed\": {\"fields\": [\"Price\"]}}]"
  }
},
{
  "model": "admin.logentry",
  "pk": 251,
  "fields": {
    "action_time": "2025-07-03T06:36:51.610Z",
    "user": [
      "root@gmail.com"
    ],
    "content_type": [
      "store",
      "variation"
    ],
    "object_id": "100",
    "object_repr": "nike shoes - color - Red",
    "action_flag": 2,
    "change_message": "[{\"changed\": {\"fields\": [\"Price\"]}}]"
  }
},
{
  "model": "admin.logentry",
  "pk": 252,
  "fields": {
    "action_time": "2025-07-03T07:02:53.824Z",
    "user": [
      "root@gmail.com"
    ],
    "content_type": [
      "store",
      "variation"
    ],
    "object_id": "33",
    "object_repr": "Mavi Jeans - size - 36",
    "action_flag": 2,
    "change_message": "[{\"changed\": {\"fields\": [\"Price\"]}}]"
  }
},
{
  "model": "admin.logentry",
  "pk": 253,
  "fields": {
    "action_time": "2025-07-03T07:02:53.830Z",
    "user": [
      "root@gmail.com"
    ],
    "content_type": [
      "store",
      "variation"
    ],
    "object_id": "32",
    "object_repr": "Mavi Jeans - size - 34",
    "action_flag": 2,
    "change_message": "[{\"changed\": {\"fields\": [\"Price\"]}}]"
  }
},
{
  "model": "admin.logentry",
  "pk": 254,
  "fields": {
    "action_time": "2025-07-03T07:02:53.834Z",
    "user": [
      "root@gmail.com"
    ],
    "content_type": [
      "store",
      "variation"
    ],
    "object_id": "31",
    "object_repr": "Mavi Jeans - size - 32",
    "action_flag": 2,
    "change_message": "[{\"changed\": {\"fields\": [\"Price\"]}}]"
  }
},
{
  "model": "admin.logentry",
  "pk": 255,
  "fields": {
    "action_time": "2025-07-03T07:02:53.838Z",
    "user": [
      "root@gmail.com"
    ],
    "content_type": [
      "store",
      "variation"
    ],
    "object_id": "30",
    "object_repr": "Mavi Jeans - size - 30",
    "action_flag": 2,
    "change_message": "[{\"changed\": {\"fields\": [\"Price\"]}}]"
  }
},
{
  "model": "admin.logentry",
  "pk": 256,
  "fields": {
    "action_time": "2025-07-03T07:02:53.842Z",
    "user": [
      "root@gmail.com"
    ],
    "content_type": [
      "store",
      "variation"
    ],
    "object_id": "29",
    "object_repr": "Mavi Jeans - size - 28",
    "action_flag": 2,
    "change_message": "[{\"changed\": {\"fields\": [\"Price\"]}}]"
  }
},
{
  "model": "admin.logentry",
  "pk": 257,
  "fields": {
    "action_time": "2025-07-03T07:02:53.846Z",
    "user": [
      "root@gmail.com"
    ],
    "content_type": [
      "store",
      "variation"
    ],
    "object_id": "28",
    "object_repr": "Mavi Jeans - color - Grey",
    "action_flag": 2,
    "change_message": "[{\"changed\": {\"fields\": [\"Price\"]}}]"
  }
},
{
  "model": "admin.logentry",
  "pk": 258,
  "fields": {
    "action_time": "2025-07-03T07:02:53.850Z",
    "user": [
      "root@gmail.com"
    ],
    "content_type": [
      "store",
      "variation"
    ],
    "object_id": "27",
    "object_repr": "Mavi Jeans - color - Blue",
    "action_flag": 2,
    "change_message": "[{\"changed\": {\"fields\": [\"Price\"]}}]"
  }
},
{
  "model": "admin.logentry",
  "pk": 259,
  "fields": {
    "action_time": "2025-07-03T07:02:53.854Z",
    "user": [
      "root@gmail.com"
    ],
    "content_type": [
      "store",
      "variation"
    ],
    "object_id": "26",
    "object_repr": "Mavi Jeans - color - Black",
    "action_flag": 2,
    "change_message": "[{\"changed\": {\"fields\": [\"Price\"]}}]"
  }
},
{
  "model": "admin.logentry",
  "pk": 260,
  "fields": {
    "action_time": "2025-07-03T07:02:53.858Z",
    "user": [
      "root@gmail.com"
    ],
    "content_type": [
      "store",
      "variation"
    ],
    "object_id": "25",
    "object_repr": "RXN Blue Shirt - size - Extra Large",
    "action_flag": 2,
    "change_message": "[{\"changed\": {\"fields\": [\"Price\"]}}]"
  }
},
{
  "model": "admin.logentry",
  "pk": 261,
  "fields": {
    "action_time": "2025-07-03T07:02:53.862Z",
    "user": [
      "root@gmail.com"
    ],
    "content_type": [
      "store",
      "variation"
    ],
    "object_id": "24",
    "object_repr": "RXN Blue Shirt - size - large",
    "action_flag": 2,
    "change_message": "[{\"changed\": {\"fields\": [\"Price\"]}}]"
  }
},
{
  "model": "admin.logentry",
  "pk": 262,
  "fields": {
    "action_time": "2025-07-03T07:02:53.866Z",
    "user": [
      "root@gmail.com"
    ],
    "content_type": [
      "store",
      "variation"
    ],
    "object_id": "23",
    "object_repr": "RXN Blue Shirt - size - medium",
    "action_flag": 2,
    "change_message": "[{\"changed\": {\"fields\": [\"Price\"]}}]"
  }
},
{
  "model": "admin.logentry",
  "pk": 263,
  "fields": {
    "action_time": "2025-07-03T07:02:53.869Z",
    "user": [
      "root@gmail.com"
    ],
    "content_type": [
      "store",
      "variation"
    ],
    "object_id": "22",
    "object_repr": "RXN Blue Shirt - size - Small",
    "action_flag": 2,
    "change_message": "[{\"changed\": {\"fields\": [\"Price\"]}}]"
  }
},
{
  "model": "admin.logentry",
  "pk": 264,
  "fields": {
    "action_time": "2025-07-03T07:02:53.873Z",
    "user": [
      "root@gmail.com"
    ],
    "content_type": [
      "store",
      "variation"
    ],
    "object_id": "21",
    "object_repr": "RXN Blue Shirt - color - Light Pink",
    "action_flag": 2,
    "change_message": "[{\"changed\": {\"fields\": [\"Price\"]}}]"
  }
},
{
  "model": "admin.logentry",
  "pk": 265,
  "fields": {
    "action_time": "2025-07-03T07:02:53.877Z",
    "user": [
      "root@gmail.com"
    ],
    "content_type": [
      "store",
      "variation"
    ],
    "object_id": "20",
    "object_repr": "RXN Blue Shirt - color - sky blue",
    "action_flag": 2,
    "change_message": "[{\"changed\": {\"fields\": [\"Price\"]}}]"
  }
},
{
  "model": "admin.logentry",
  "pk": 266,
  "fields": {
    "action_time": "2025-07-03T07:02:53.881Z",
    "user": [
      "root@gmail.com"
    ],
    "content_type": [
      "store",
      "variation"
    ],
    "object_id": "19",
    "object_repr": "RXN Blue Shirt - color - White",
    "action_flag": 2,
    "change_message": "[{\"changed\": {\"fields\": [\"Price\"]}}]"
  }
},
{
  "model": "admin.logentry",
  "pk": 267,
  "fields": {
    "action_time": "2025-07-03T07:02:53.885Z",
    "user": [
      "root@gmail.com"
    ],
    "content_type": [
      "store",
      "variation"
    ],
    "object_id": "17",
    "object_repr": "Great T-Shirt - size - Extra Large",
    "action_flag": 2,
    "change_message": "[{\"changed\": {\"fields\": [\"Price\"]}}]"
  }
},
{
  "model": "admin.logentry",
  "pk": 268,
  "fields": {
    "action_time": "2025-07-03T07:02:53.888Z",
    "user": [
      "root@gmail.com"
    ],
    "content_type": [
      "store",
      "variation"
    ],
    "object_id": "16",
    "object_repr": "Great T-Shirt - size - Large",
    "action_flag": 2,
    "change_message": "[{\"changed\": {\"fields\": [\"Price\"]}}]"
  }
},
{
  "model": "admin.logentry",
  "pk": 269,
  "fields": {
    "action_time": "2025-07-03T07:02:53.892Z",
    "user": [
      "root@gmail.com"
    ],
    "content_type": [
      "store",
      "variation"
    ],
    "object_id": "15",
    "object_repr": "Great T-Shirt - size - Medium",
    "action_flag": 2,
    "change_message": "[{\"changed\": {\"fields\": [\"Price\"]}}]"
  }
},
{
  "model": "admin.logentry",
  "pk": 270,
  "fields": {
    "action_time": "2025-07-03T07:02:53.897Z",
    "user": [
      "root@gmail.com"
    ],
    "content_type": [
      "store",
      "variation"
    ],
    "object_id": "14",
    "object_repr": "Great T-Shirt - size - Small",
    "action_flag": 2,
    "change_message": "[{\"changed\": {\"fields\": [\"Price\"]}}]"
  }
},
{
  "model": "admin.logentry",
  "pk": 271,
  "fields": {
    "action_time": "2025-07-03T07:02:53.900Z",
    "user": [
      "root@gmail.com"
    ],
    "content_type": [
      "store",
      "variation"
    ],
    "object_id": "13",
    "object_repr": "Great T-Shirt - color - Black",
    "action_flag": 2,
    "change_message": "[{\"changed\": {\"fields\": [\"Price\"]}}]"
  }
},
{
  "model": "admin.logentry",
  "pk": 272,
  "fields": {
    "action_time": "2025-07-03T07:02:53.904Z",
    "user": [
      "root@gmail.com"
    ],
    "content_type": [
      "store",
      "variation"
    ],
    "object_id": "12",
    "object_repr": "Great T-Shirt - color - Red",
    "action_flag": 2,
    "change_message": "[{\"changed\": {\"fields\": [\"Price\"]}}]"
  }
},
{
  "model": "admin.logentry",
  "pk": 273,
  "fields": {
    "action_time": "2025-07-03T07:02:53.908Z",
    "user": [
      "root@gmail.com"
    ],
    "content_type": [
      "store",
      "variation"
    ],
    "object_id": "11",
    "object_repr": "Great T-Shirt - color - White",
    "action_flag": 2,
    "change_message": "[{\"changed\": {\"fields\": [\"Price\"]}}]"
  }
},
{
  "model": "admin.logentry",
  "pk": 274,
  "fields": {
    "action_time": "2025-07-03T07:02:53.912Z",
    "user": [
      "root@gmail.com"
    ],
    "content_type": [
      "store",
      "variation"
    ],
    "object_id": "10",
    "object_repr": "Great T-Shirt - color - Blue",
    "action_flag": 2,
    "change_message": "[{\"changed\": {\"fields\": [\"Price\"]}}]"
  }
},
{
  "model": "admin.logentry",
  "pk": 275,
  "fields": {
    "action_time": "2025-07-03T07:02:53.917Z",
    "user": [
      "root@gmail.com"
    ],
    "content_type": [
      "store",
      "variation"
    ],
    "object_id": "9",
    "object_repr": "ATX Jeans - size - 36",
    "action_flag": 2,
    "change_message": "[{\"changed\": {\"fields\": [\"Price\"]}}]"
  }
},
{
  "model": "admin.logentry",
  "pk": 276,
  "fields": {
    "action_time": "2025-07-03T07:02:53.921Z",
    "user": [
      "root@gmail.com"
    ],
    "content_type": [
      "store",
      "variation"
    ],
    "object_id": "8",
    "object_repr": "ATX Jeans - size - 34",
    "action_flag": 2,
    "change_message": "[{\"changed\": {\"fields\": [\"Price\"]}}]"
  }
},
{
  "model": "admin.logentry",
  "pk": 277,
  "fields": {
    "action_time": "2025-07-03T07:02:53.925Z",
    "user": [
      "root@gmail.com"
    ],
    "content_type": [
      "store",
      "variation"
    ],
    "object_id": "7",
    "object_repr": "ATX Jeans - size - 32",
    "action_flag": 2,
    "change_message": "[{\"changed\": {\"fields\": [\"Price\"]}}]"
  }
},
{
  "model": "admin.logentry",
  "pk": 278,
  "fields": {
    "action_time": "2025-07-03T07:02:53.930Z",
    "user": [
      "root@gmail.com"
    ],
    "content_type": [
      "store",
      "variation"
    ],
    "object_id": "6",
    "object_repr": "ATX Jeans - size - 30",
    "action_flag": 2,
    "change_message": "[{\"changed\": {\"fields\": [\"Price\"]}}]"
  }
},
{
  "model": "admin.logentry",
  "pk": 279,
  "fields": {
    "action_time": "2025-07-03T07:02:53.934Z",
    "user": [
      "root@gmail.com"
    ],
    "content_type": [
      "store",
      "variation"
    ],
    "object_id": "5",
    "object_repr": "ATX Jeans - size - 28",
    "action_flag": 2,
    "change_message": "[{\"changed\": {\"fields\": [\"Price\"]}}]"
  }
},
{
  "model": "admin.logentry",
  "pk": 280,
  "fields": {
    "action_time": "2025-07-03T07:02:53.937Z",
    "user": [
      "root@gmail.com"
    ],
    "content_type": [
      "store",
      "variation"
    ],
    "object_id": "4",
    "object_repr": "ATX Jeans - color - Black",
    "action_flag": 2,
    "change_message": "[{\"changed\": {\"fields\": [\"Price\"]}}]"
  }
},
{
  "model": "admin.logentry",
  "pk": 281,
  "fields": {
    "action_time": "2025-07-03T07:02:53.941Z",
    "user": [
      "root@gmail.com"
    ],
    "content_type": [
      "store",
      "variation"
    ],
    "object_id": "3",
    "object_repr": "ATX Jeans - color - Gray",
    "action_flag": 2,
    "change_message": "[{\"changed\": {\"fields\": [\"Price\"]}}]"
  }
},
{
  "model": "admin.logentry",
  "pk": 282,
  "fields": {
    "action_time": "2025-07-03T07:02:53.945Z",
    "user": [
      "root@gmail.com"
    ],
    "content_type": [
      "store",
      "variation"
    ],
    "object_id": "2",
    "object_repr": "ATX Jeans - color - sky blue",
    "action_flag": 2,
    "change_message": "[{\"changed\": {\"fields\": [\"Price\"]}}]"
  }
},
{
  "model": "admin.logentry",
  "pk": 283,
  "fields": {
    "action_time": "2025-07-03T07:02:53.949Z",
    "user": [
      "root@gmail.com"
    ],
    "content_type": [
      "store",
      "variation"
    ],
    "object_id": "1",
    "object_repr": "ATX Jeans - color - Navy Blue",
    "action_flag": 2,
    "change_message": "[{\"changed\": {\"fields\": [\"Price\"]}}]"
  }
},
{
  "model": "admin.logentry",
  "pk": 284,
  "fields": {
    "action_time": "2025-07-03T07:06:53.233Z",
    "user": [
      "root@gmail.com"
    ],
    "content_type": [
      "store",
      "variation"
    ],
    "object_id": "97",
    "object_repr": "US Polo T-Shirt - size - Large",
    "action_flag": 2,
    "change_message": "[{\"changed\": {\"fields\": [\"Price\"]}}]"
  }
},
{
  "model": "admin.logentry",
  "pk": 285,
  "fields": {
    "action_time": "2025-07-03T07:06:53.236Z",
    "user": [
      "root@gmail.com"
    ],
    "content_type": [
      "store",
      "variation"
    ],
    "object_id": "96",
    "object_repr": "US Polo T-Shirt - size - Medium",
    "action_flag": 2,
    "change_message": "[{\"changed\": {\"fields\": [\"Price\"]}}]"
  }
},
{
  "model": "admin.logentry",
  "pk": 286,
  "fields": {
    "action_time": "2025-07-03T07:06:53.239Z",
    "user": [
      "root@gmail.com"
    ],
    "content_type": [
      "store",
      "variation"
    ],
    "object_id": "95",
    "object_repr": "US Polo T-Shirt - size - Small",
    "action_flag": 2,
    "change_message": "[{\"changed\": {\"fields\": [\"Price\"]}}]"
  }
},
{
  "model": "admin.logentry",
  "pk": 287,
  "fields": {
    "action_time": "2025-07-03T07:06:53.242Z",
    "user": [
      "root@gmail.com"
    ],
    "content_type": [
      "store",
      "variation"
    ],
    "object_id": "94",
    "object_repr": "US Polo T-Shirt - color - Red",
    "action_flag": 2,
    "change_message": "[{\"changed\": {\"fields\": [\"Price\"]}}]"
  }
},
{
  "model": "admin.logentry",
  "pk": 288,
  "fields": {
    "action_time": "2025-07-03T07:06:53.245Z",
    "user": [
      "root@gmail.com"
    ],
    "content_type": [
      "store",
      "variation"
    ],
    "object_id": "93",
    "object_repr": "US Polo T-Shirt - color - White",
    "action_flag": 2,
    "change_message": "[{\"changed\": {\"fields\": [\"Price\"]}}]"
  }
},
{
  "model": "admin.logentry",
  "pk": 289,
  "fields": {
    "action_time": "2025-07-03T07:06:53.247Z",
    "user": [
      "root@gmail.com"
    ],
    "content_type": [
      "store",
      "variation"
    ],
    "object_id": "92",
    "object_repr": "US Polo T-Shirt - color - Gold",
    "action_flag": 2,
    "change_message": "[{\"changed\": {\"fields\": [\"Price\"]}}]"
  }
},
{
  "model": "admin.logentry",
  "pk": 290,
  "fields": {
    "action_time": "2025-07-03T07:06:53.250Z",
    "user": [
      "root@gmail.com"
    ],
    "content_type": [
      "store",
      "variation"
    ],
    "object_id": "89",
    "object_repr": "Rare Rabbit Check Shirt - size - Large",
    "action_flag": 2,
    "change_message": "[{\"changed\": {\"fields\": [\"Price\"]}}]"
  }
},
{
  "model": "admin.logentry",
  "pk": 291,
  "fields": {
    "action_time": "2025-07-03T07:06:53.253Z",
    "user": [
      "root@gmail.com"
    ],
    "content_type": [
      "store",
      "variation"
    ],
    "object_id": "88",
    "object_repr": "Rare Rabbit Check Shirt - size - Medium",
    "action_flag": 2,
    "change_message": "[{\"changed\": {\"fields\": [\"Price\"]}}]"
  }
},
{
  "model": "admin.logentry",
  "pk": 292,
  "fields": {
    "action_time": "2025-07-03T07:06:53.257Z",
    "user": [
      "root@gmail.com"
    ],
    "content_type": [
      "store",
      "variation"
    ],
    "object_id": "87",
    "object_repr": "Rare Rabbit Check Shirt - color - Blue",
    "action_flag": 2,
    "change_message": "[{\"changed\": {\"fields\": [\"Price\"]}}]"
  }
},
{
  "model": "admin.logentry",
  "pk": 293,
  "fields": {
    "action_time": "2025-07-03T07:06:53.260Z",
    "user": [
      "root@gmail.com"
    ],
    "content_type": [
      "store",
      "variation"
    ],
    "object_id": "86",
    "object_repr": "Rare Rabbit Check Shirt - color - Black",
    "action_flag": 2,
    "change_message": "[{\"changed\": {\"fields\": [\"Price\"]}}]"
  }
},
{
  "model": "admin.logentry",
  "pk": 294,
  "fields": {
    "action_time": "2025-07-03T07:06:53.263Z",
    "user": [
      "root@gmail.com"
    ],
    "content_type": [
      "store",
      "variation"
    ],
    "object_id": "85",
    "object_repr": "Rare Rabbit Check Shirt - size - Small",
    "action_flag": 2,
    "change_message": "[{\"changed\": {\"fields\": [\"Price\"]}}]"
  }
},
{
  "model": "admin.logentry",
  "pk": 295,
  "fields": {
    "action_time": "2025-07-03T07:06:53.266Z",
    "user": [
      "root@gmail.com"
    ],
    "content_type": [
      "store",
      "variation"
    ],
    "object_id": "84",
    "object_repr": "Rare Rabbit Check Shirt - color - Red",
    "action_flag": 2,
    "change_message": "[{\"changed\": {\"fields\": [\"Price\"]}}]"
  }
},
{
  "model": "admin.logentry",
  "pk": 296,
  "fields": {
    "action_time": "2025-07-03T07:06:53.269Z",
    "user": [
      "root@gmail.com"
    ],
    "content_type": [
      "store",
      "variation"
    ],
    "object_id": "83",
    "object_repr": "MacBook Cover - size - 16 Inch",
    "action_flag": 2,
    "change_message": "[{\"changed\": {\"fields\": [\"Price\"]}}]"
  }
},
{
  "model": "admin.logentry",
  "pk": 297,
  "fields": {
    "action_time": "2025-07-03T07:06:53.273Z",
    "user": [
      "root@gmail.com"
    ],
    "content_type": [
      "store",
      "variation"
    ],
    "object_id": "82",
    "object_repr": "MacBook Cover - size - 15 Inch",
    "action_flag": 2,
    "change_message": "[{\"changed\": {\"fields\": [\"Price\"]}}]"
  }
},
{
  "model": "admin.logentry",
  "pk": 298,
  "fields": {
    "action_time": "2025-07-03T07:06:53.277Z",
    "user": [
      "root@gmail.com"
    ],
    "content_type": [
      "store",
      "variation"
    ],
    "object_id": "81",
    "object_repr": "MacBook Cover - size - 14 Inch",
    "action_flag": 2,
    "change_message": "[{\"changed\": {\"fields\": [\"Price\"]}}]"
  }
},
{
  "model": "admin.logentry",
  "pk": 299,
  "fields": {
    "action_time": "2025-07-03T07:06:53.279Z",
    "user": [
      "root@gmail.com"
    ],
    "content_type": [
      "store",
      "variation"
    ],
    "object_id": "80",
    "object_repr": "MacBook Cover - color - Gray",
    "action_flag": 2,
    "change_message": "[{\"changed\": {\"fields\": [\"Price\"]}}]"
  }
},
{
  "model": "admin.logentry",
  "pk": 300,
  "fields": {
    "action_time": "2025-07-03T07:06:53.283Z",
    "user": [
      "root@gmail.com"
    ],
    "content_type": [
      "store",
      "variation"
    ],
    "object_id": "79",
    "object_repr": "MacBook Cover - color - Black",
    "action_flag": 2,
    "change_message": "[{\"changed\": {\"fields\": [\"Price\"]}}]"
  }
},
{
  "model": "admin.logentry",
  "pk": 301,
  "fields": {
    "action_time": "2025-07-03T07:06:53.286Z",
    "user": [
      "root@gmail.com"
    ],
    "content_type": [
      "store",
      "variation"
    ],
    "object_id": "78",
    "object_repr": "MacBook Cover - color - Brown",
    "action_flag": 2,
    "change_message": "[{\"changed\": {\"fields\": [\"Price\"]}}]"
  }
},
{
  "model": "admin.logentry",
  "pk": 302,
  "fields": {
    "action_time": "2025-07-03T07:06:53.289Z",
    "user": [
      "root@gmail.com"
    ],
    "content_type": [
      "store",
      "variation"
    ],
    "object_id": "77",
    "object_repr": "Raven Bag - size - Small",
    "action_flag": 2,
    "change_message": "[{\"changed\": {\"fields\": [\"Price\"]}}]"
  }
},
{
  "model": "admin.logentry",
  "pk": 303,
  "fields": {
    "action_time": "2025-07-03T07:06:53.292Z",
    "user": [
      "root@gmail.com"
    ],
    "content_type": [
      "store",
      "variation"
    ],
    "object_id": "75",
    "object_repr": "Raven Bag - color - Blue",
    "action_flag": 2,
    "change_message": "[{\"changed\": {\"fields\": [\"Price\"]}}]"
  }
},
{
  "model": "admin.logentry",
  "pk": 304,
  "fields": {
    "action_time": "2025-07-03T07:06:53.295Z",
    "user": [
      "root@gmail.com"
    ],
    "content_type": [
      "store",
      "variation"
    ],
    "object_id": "74",
    "object_repr": "H&M Short - size - Large",
    "action_flag": 2,
    "change_message": "[{\"changed\": {\"fields\": [\"Price\"]}}]"
  }
},
{
  "model": "admin.logentry",
  "pk": 305,
  "fields": {
    "action_time": "2025-07-03T07:06:53.297Z",
    "user": [
      "root@gmail.com"
    ],
    "content_type": [
      "store",
      "variation"
    ],
    "object_id": "73",
    "object_repr": "H&M Short - size - Medium",
    "action_flag": 2,
    "change_message": "[{\"changed\": {\"fields\": [\"Price\"]}}]"
  }
},
{
  "model": "admin.logentry",
  "pk": 306,
  "fields": {
    "action_time": "2025-07-03T07:06:53.300Z",
    "user": [
      "root@gmail.com"
    ],
    "content_type": [
      "store",
      "variation"
    ],
    "object_id": "72",
    "object_repr": "H&M Short - size - Small",
    "action_flag": 2,
    "change_message": "[{\"changed\": {\"fields\": [\"Price\"]}}]"
  }
},
{
  "model": "admin.logentry",
  "pk": 307,
  "fields": {
    "action_time": "2025-07-03T07:06:53.303Z",
    "user": [
      "root@gmail.com"
    ],
    "content_type": [
      "store",
      "variation"
    ],
    "object_id": "71",
    "object_repr": "H&M Short - color - Gray",
    "action_flag": 2,
    "change_message": "[{\"changed\": {\"fields\": [\"Price\"]}}]"
  }
},
{
  "model": "admin.logentry",
  "pk": 308,
  "fields": {
    "action_time": "2025-07-03T07:06:53.306Z",
    "user": [
      "root@gmail.com"
    ],
    "content_type": [
      "store",
      "variation"
    ],
    "object_id": "70",
    "object_repr": "H&M Short - color - Black",
    "action_flag": 2,
    "change_message": "[{\"changed\": {\"fields\": [\"Price\"]}}]"
  }
},
{
  "model": "admin.logentry",
  "pk": 309,
  "fields": {
    "action_time": "2025-07-03T07:06:53.309Z",
    "user": [
      "root@gmail.com"
    ],
    "content_type": [
      "store",
      "variation"
    ],
    "object_id": "69",
    "object_repr": "H&M Short - color - Blue",
    "action_flag": 2,
    "change_message": "[{\"changed\": {\"fields\": [\"Price\"]}}]"
  }
},
{
  "model": "admin.logentry",
  "pk": 310,
  "fields": {
    "action_time": "2025-07-03T07:06:53.312Z",
    "user": [
      "root@gmail.com"
    ],
    "content_type": [
      "store",
      "variation"
    ],
    "object_id": "68",
    "object_repr": "H&M T-Shirt - size - Large",
    "action_flag": 2,
    "change_message": "[{\"changed\": {\"fields\": [\"Price\"]}}]"
  }
},
{
  "model": "admin.logentry",
  "pk": 311,
  "fields": {
    "action_time": "2025-07-03T07:06:53.316Z",
    "user": [
      "root@gmail.com"
    ],
    "content_type": [
      "store",
      "variation"
    ],
    "object_id": "67",
    "object_repr": "H&M T-Shirt - size - medium",
    "action_flag": 2,
    "change_message": "[{\"changed\": {\"fields\": [\"Price\"]}}]"
  }
},
{
  "model": "admin.logentry",
  "pk": 312,
  "fields": {
    "action_time": "2025-07-03T07:06:53.319Z",
    "user": [
      "root@gmail.com"
    ],
    "content_type": [
      "store",
      "variation"
    ],
    "object_id": "66",
    "object_repr": "H&M T-Shirt - size - Small",
    "action_flag": 2,
    "change_message": "[{\"changed\": {\"fields\": [\"Price\"]}}]"
  }
},
{
  "model": "admin.logentry",
  "pk": 313,
  "fields": {
    "action_time": "2025-07-03T07:06:53.323Z",
    "user": [
      "root@gmail.com"
    ],
    "content_type": [
      "store",
      "variation"
    ],
    "object_id": "65",
    "object_repr": "H&M T-Shirt - color - Blue",
    "action_flag": 2,
    "change_message": "[{\"changed\": {\"fields\": [\"Price\"]}}]"
  }
},
{
  "model": "admin.logentry",
  "pk": 314,
  "fields": {
    "action_time": "2025-07-03T07:06:53.326Z",
    "user": [
      "root@gmail.com"
    ],
    "content_type": [
      "store",
      "variation"
    ],
    "object_id": "64",
    "object_repr": "H&M T-Shirt - color - Olive",
    "action_flag": 2,
    "change_message": "[{\"changed\": {\"fields\": [\"Price\"]}}]"
  }
},
{
  "model": "admin.logentry",
  "pk": 315,
  "fields": {
    "action_time": "2025-07-03T07:06:53.329Z",
    "user": [
      "root@gmail.com"
    ],
    "content_type": [
      "store",
      "variation"
    ],
    "object_id": "63",
    "object_repr": "H&M T-Shirt - color - Black",
    "action_flag": 2,
    "change_message": "[{\"changed\": {\"fields\": [\"Price\"]}}]"
  }
},
{
  "model": "admin.logentry",
  "pk": 316,
  "fields": {
    "action_time": "2025-07-03T07:06:53.332Z",
    "user": [
      "root@gmail.com"
    ],
    "content_type": [
      "store",
      "variation"
    ],
    "object_id": "62",
    "object_repr": "Wrangler Shirt - size - Extra Large",
    "action_flag": 2,
    "change_message": "[{\"changed\": {\"fields\": [\"Price\"]}}]"
  }
},
{
  "model": "admin.logentry",
  "pk": 317,
  "fields": {
    "action_time": "2025-07-03T07:06:53.335Z",
    "user": [
      "root@gmail.com"
    ],
    "content_type": [
      "store",
      "variation"
    ],
    "object_id": "61",
    "object_repr": "Wrangler Shirt - size - Large",
    "action_flag": 2,
    "change_message": "[{\"changed\": {\"fields\": [\"Price\"]}}]"
  }
},
{
  "model": "admin.logentry",
  "pk": 318,
  "fields": {
    "action_time": "2025-07-03T07:06:53.338Z",
    "user": [
      "root@gmail.com"
    ],
    "content_type": [
      "store",
      "variation"
    ],
    "object_id": "60",
    "object_repr": "Wrangler Shirt - size - Medium",
    "action_flag": 2,
    "change_message": "[{\"changed\": {\"fields\": [\"Price\"]}}]"
  }
},
{
  "model": "admin.logentry",
  "pk": 319,
  "fields": {
    "action_time": "2025-07-03T07:06:53.341Z",
    "user": [
      "root@gmail.com"
    ],
    "content_type": [
      "store",
      "variation"
    ],
    "object_id": "59",
    "object_repr": "Wrangler Shirt - size - Small",
    "action_flag": 2,
    "change_message": "[{\"changed\": {\"fields\": [\"Price\"]}}]"
  }
},
{
  "model": "admin.logentry",
  "pk": 320,
  "fields": {
    "action_time": "2025-07-03T07:06:53.345Z",
    "user": [
      "root@gmail.com"
    ],
    "content_type": [
      "store",
      "variation"
    ],
    "object_id": "58",
    "object_repr": "Wrangler Shirt - color - White",
    "action_flag": 2,
    "change_message": "[{\"changed\": {\"fields\": [\"Price\"]}}]"
  }
},
{
  "model": "admin.logentry",
  "pk": 321,
  "fields": {
    "action_time": "2025-07-03T07:06:53.348Z",
    "user": [
      "root@gmail.com"
    ],
    "content_type": [
      "store",
      "variation"
    ],
    "object_id": "57",
    "object_repr": "Wrangler Shirt - color - Red",
    "action_flag": 2,
    "change_message": "[{\"changed\": {\"fields\": [\"Price\"]}}]"
  }
},
{
  "model": "admin.logentry",
  "pk": 322,
  "fields": {
    "action_time": "2025-07-03T07:06:53.350Z",
    "user": [
      "root@gmail.com"
    ],
    "content_type": [
      "store",
      "variation"
    ],
    "object_id": "56",
    "object_repr": "Wrangler Shirt - color - Black",
    "action_flag": 2,
    "change_message": "[{\"changed\": {\"fields\": [\"Price\"]}}]"
  }
},
{
  "model": "admin.logentry",
  "pk": 323,
  "fields": {
    "action_time": "2025-07-03T07:06:53.353Z",
    "user": [
      "root@gmail.com"
    ],
    "content_type": [
      "store",
      "variation"
    ],
    "object_id": "55",
    "object_repr": "Wrangler Shirt - color - Blue",
    "action_flag": 2,
    "change_message": "[{\"changed\": {\"fields\": [\"Price\"]}}]"
  }
},
{
  "model": "admin.logentry",
  "pk": 324,
  "fields": {
    "action_time": "2025-07-03T07:06:53.357Z",
    "user": [
      "root@gmail.com"
    ],
    "content_type": [
      "store",
      "variation"
    ],
    "object_id": "54",
    "object_repr": "US Polo Assn Jacket - size - Extra Large",
    "action_flag": 2,
    "change_message": "[{\"changed\": {\"fields\": [\"Price\"]}}]"
  }
},
{
  "model": "admin.logentry",
  "pk": 325,
  "fields": {
    "action_time": "2025-07-03T07:06:53.360Z",
    "user": [
      "root@gmail.com"
    ],
    "content_type": [
      "store",
      "variation"
    ],
    "object_id": "53",
    "object_repr": "US Polo Assn Jacket - size - large",
    "action_flag": 2,
    "change_message": "[{\"changed\": {\"fields\": [\"Price\"]}}]"
  }
},
{
  "model": "admin.logentry",
  "pk": 326,
  "fields": {
    "action_time": "2025-07-03T07:06:53.363Z",
    "user": [
      "root@gmail.com"
    ],
    "content_type": [
      "store",
      "variation"
    ],
    "object_id": "52",
    "object_repr": "US Polo Assn Jacket - size - medium",
    "action_flag": 2,
    "change_message": "[{\"changed\": {\"fields\": [\"Price\"]}}]"
  }
},
{
  "model": "admin.logentry",
  "pk": 327,
  "fields": {
    "action_time": "2025-07-03T07:06:53.365Z",
    "user": [
      "root@gmail.com"
    ],
    "content_type": [
      "store",
      "variation"
    ],
    "object_id": "51",
    "object_repr": "US Polo Assn Jacket - size - Small",
    "action_flag": 2,
    "change_message": "[{\"changed\": {\"fields\": [\"Price\"]}}]"
  }
},
{
  "model": "admin.logentry",
  "pk": 328,
  "fields": {
    "action_time": "2025-07-03T07:06:53.368Z",
    "user": [
      "root@gmail.com"
    ],
    "content_type": [
      "store",
      "variation"
    ],
    "object_id": "50",
    "object_repr": "US Polo Assn Jacket - color - Black",
    "action_flag": 2,
    "change_message": "[{\"changed\": {\"fields\": [\"Price\"]}}]"
  }
},
{
  "model": "admin.logentry",
  "pk": 329,
  "fields": {
    "action_time": "2025-07-03T07:06:53.371Z",
    "user": [
      "root@gmail.com"
    ],
    "content_type": [
      "store",
      "variation"
    ],
    "object_id": "49",
    "object_repr": "US Polo Assn Jacket - color - Brown",
    "action_flag": 2,
    "change_message": "[{\"changed\": {\"fields\": [\"Price\"]}}]"
  }
},
{
  "model": "admin.logentry",
  "pk": 330,
  "fields": {
    "action_time": "2025-07-03T07:06:53.374Z",
    "user": [
      "root@gmail.com"
    ],
    "content_type": [
      "store",
      "variation"
    ],
    "object_id": "48",
    "object_repr": "US Polo Assn Jacket - color - Tan",
    "action_flag": 2,
    "change_message": "[{\"changed\": {\"fields\": [\"Price\"]}}]"
  }
},
{
  "model": "admin.logentry",
  "pk": 331,
  "fields": {
    "action_time": "2025-07-03T07:06:53.377Z",
    "user": [
      "root@gmail.com"
    ],
    "content_type": [
      "store",
      "variation"
    ],
    "object_id": "47",
    "object_repr": "Puma Ferrari Shoes - size - 9",
    "action_flag": 2,
    "change_message": "[{\"changed\": {\"fields\": [\"Price\"]}}]"
  }
},
{
  "model": "admin.logentry",
  "pk": 332,
  "fields": {
    "action_time": "2025-07-03T07:06:53.380Z",
    "user": [
      "root@gmail.com"
    ],
    "content_type": [
      "store",
      "variation"
    ],
    "object_id": "46",
    "object_repr": "Puma Ferrari Shoes - size - 8",
    "action_flag": 2,
    "change_message": "[{\"changed\": {\"fields\": [\"Price\"]}}]"
  }
},
{
  "model": "admin.logentry",
  "pk": 333,
  "fields": {
    "action_time": "2025-07-03T07:06:53.383Z",
    "user": [
      "root@gmail.com"
    ],
    "content_type": [
      "store",
      "variation"
    ],
    "object_id": "45",
    "object_repr": "Puma Ferrari Shoes - size - 7",
    "action_flag": 2,
    "change_message": "[{\"changed\": {\"fields\": [\"Price\"]}}]"
  }
},
{
  "model": "admin.logentry",
  "pk": 334,
  "fields": {
    "action_time": "2025-07-03T07:06:53.385Z",
    "user": [
      "root@gmail.com"
    ],
    "content_type": [
      "store",
      "variation"
    ],
    "object_id": "44",
    "object_repr": "Puma Ferrari Shoes - size - 6",
    "action_flag": 2,
    "change_message": "[{\"changed\": {\"fields\": [\"Price\"]}}]"
  }
},
{
  "model": "admin.logentry",
  "pk": 335,
  "fields": {
    "action_time": "2025-07-03T07:06:53.389Z",
    "user": [
      "root@gmail.com"
    ],
    "content_type": [
      "store",
      "variation"
    ],
    "object_id": "43",
    "object_repr": "Puma Ferrari Shoes - color - White",
    "action_flag": 2,
    "change_message": "[{\"changed\": {\"fields\": [\"Price\"]}}]"
  }
},
{
  "model": "admin.logentry",
  "pk": 336,
  "fields": {
    "action_time": "2025-07-03T07:06:53.392Z",
    "user": [
      "root@gmail.com"
    ],
    "content_type": [
      "store",
      "variation"
    ],
    "object_id": "42",
    "object_repr": "Puma Ferrari Shoes - color - Red",
    "action_flag": 2,
    "change_message": "[{\"changed\": {\"fields\": [\"Price\"]}}]"
  }
},
{
  "model": "admin.logentry",
  "pk": 337,
  "fields": {
    "action_time": "2025-07-03T07:06:53.396Z",
    "user": [
      "root@gmail.com"
    ],
    "content_type": [
      "store",
      "variation"
    ],
    "object_id": "41",
    "object_repr": "Puma Ferrari Shoes - color - Black",
    "action_flag": 2,
    "change_message": "[{\"changed\": {\"fields\": [\"Price\"]}}]"
  }
},
{
  "model": "admin.logentry",
  "pk": 338,
  "fields": {
    "action_time": "2025-07-03T07:06:53.399Z",
    "user": [
      "root@gmail.com"
    ],
    "content_type": [
      "store",
      "variation"
    ],
    "object_id": "40",
    "object_repr": "Jordan Basketball Shoes - size - 9",
    "action_flag": 2,
    "change_message": "[{\"changed\": {\"fields\": [\"Price\"]}}]"
  }
},
{
  "model": "admin.logentry",
  "pk": 339,
  "fields": {
    "action_time": "2025-07-03T07:06:53.402Z",
    "user": [
      "root@gmail.com"
    ],
    "content_type": [
      "store",
      "variation"
    ],
    "object_id": "39",
    "object_repr": "Jordan Basketball Shoes - size - 8",
    "action_flag": 2,
    "change_message": "[{\"changed\": {\"fields\": [\"Price\"]}}]"
  }
},
{
  "model": "admin.logentry",
  "pk": 340,
  "fields": {
    "action_time": "2025-07-03T07:06:53.405Z",
    "user": [
      "root@gmail.com"
    ],
    "content_type": [
      "store",
      "variation"
    ],
    "object_id": "38",
    "object_repr": "Jordan Basketball Shoes - size - 7",
    "action_flag": 2,
    "change_message": "[{\"changed\": {\"fields\": [\"Price\"]}}]"
  }
},
{
  "model": "admin.logentry",
  "pk": 341,
  "fields": {
    "action_time": "2025-07-03T07:06:53.408Z",
    "user": [
      "root@gmail.com"
    ],
    "content_type": [
      "store",
      "variation"
    ],
    "object_id": "37",
    "object_repr": "Jordan Basketball Shoes - size - 6",
    "action_flag": 2,
    "change_message": "[{\"changed\": {\"fields\": [\"Price\"]}}]"
  }
},
{
  "model": "admin.logentry",
  "pk": 342,
  "fields": {
    "action_time": "2025-07-03T07:06:53.411Z",
    "user": [
      "root@gmail.com"
    ],
    "content_type": [
      "store",
      "variation"
    ],
    "object_id": "36",
    "object_repr": "Jordan Basketball Shoes - color - White",
    "action_flag": 2,
    "change_message": "[{\"changed\": {\"fields\": [\"Price\"]}}]"
  }
},
{
  "model": "admin.logentry",
  "pk": 343,
  "fields": {
    "action_time": "2025-07-03T07:06:53.413Z",
    "user": [
      "root@gmail.com"
    ],
    "content_type": [
      "store",
      "variation"
    ],
    "object_id": "35",
    "object_repr": "Jordan Basketball Shoes - color - Red Black",
    "action_flag": 2,
    "change_message": "[{\"changed\": {\"fields\": [\"Price\"]}}]"
  }
},
{
  "model": "admin.logentry",
  "pk": 344,
  "fields": {
    "action_time": "2025-07-03T07:06:53.416Z",
    "user": [
      "root@gmail.com"
    ],
    "content_type": [
      "store",
      "variation"
    ],
    "object_id": "34",
    "object_repr": "Jordan Basketball Shoes - color - Black",
    "action_flag": 2,
    "change_message": "[{\"changed\": {\"fields\": [\"Price\"]}}]"
  }
},
{
  "model": "admin.logentry",
  "pk": 345,
  "fields": {
    "action_time": "2025-07-03T09:03:30.995Z",
    "user": [
      "root@gmail.com"
    ],
    "content_type": [
      "store",
      "variation"
    ],
    "object_id": "102",
    "object_repr": "nike shoes - size - 8",
    "action_flag": 2,
    "change_message": "[{\"changed\": {\"fields\": [\"Price\"]}}]"
  }
},
{
  "model": "admin.logentry",
  "pk": 346,
  "fields": {
    "action_time": "2025-07-04T11:48:08.070Z",
    "user": [
      "root@gmail.com"
    ],
    "content_type": [
      "accounts",
      "useraddress"
    ],
    "object_id": "1",
    "object_repr": "Dhananjay Pratap Singh - Keshav Vihar Colony, Dhanipur, Aligarh, Aligarh",
    "action_flag": 2,
    "change_message": "[{\"changed\": {\"fields\": [\"Phone\"]}}]"
  }
},
{
  "model": "admin.logentry",
  "pk": 347,
  "fields": {
    "action_time": "2025-07-04T11:48:19.824Z",
    "user": [
      "root@gmail.com"
    ],
    "content_type": [
      "accounts",
      "useraddress"
    ],
    "object_id": "1",
    "object_repr": "Dhananjay Pratap Singh - Keshav Vihar Colony, Dhanipur, Aligarh, Aligarh",
    "action_flag": 2,
    "change_message": "[{\"changed\": {\"fields\": [\"State\"]}}]"
  }
},
{
  "model": "admin.logentry",
  "pk": 348,
  "fields": {
    "action_time": "2025-07-08T04:23:41.496Z",
    "user": [
      "root@gmail.com"
    ],
    "content_type": [
      "accounts",
      "account"
    ],
    "object_id": "17",
    "object_repr": "",
    "action_flag": 3,
    "change_message": ""
  }
},
{
  "model": "admin.logentry",
  "pk": 349,
  "fields": {
    "action_time": "2025-07-08T04:58:30.299Z",
    "user": [
      "root@gmail.com"
    ],
    "content_type": [
      "accounts",
      "account"
    ],
    "object_id": "18",
    "object_repr": "",
    "action_flag": 3,
    "change_message": ""
  }
},
{
  "model": "admin.logentry",
  "pk": 350,
  "fields": {
    "action_time": "2025-07-08T04:59:10.379Z",
    "user": [
      "root@gmail.com"
    ],
    "content_type": [
      "accounts",
      "useraddress"
    ],
    "object_id": "3",
    "object_repr": "Dhananjay Pratap Singh - Keshav Vihar Colony, Dhanipur, Aligarh, Aligarh",
    "action_flag": 2,
    "change_message": "[{\"changed\": {\"fields\": [\"Is default\"]}}]"
  }
},
{
  "model": "admin.logentry",
  "pk": 351,
  "fields": {
    "action_time": "2025-07-08T04:59:16.086Z",
    "user": [
      "root@gmail.com"
    ],
    "content_type": [
      "accounts",
      "useraddress"
    ],
    "object_id": "2",
    "object_repr": "Dhananjay Pratap Singh - Chitrakoot Sharma PG, Jaipur",
    "action_flag": 2,
    "change_message": "[{\"changed\": {\"fields\": [\"Is default\"]}}]"
  }
},
{
  "model": "admin.logentry",
  "pk": 352,
  "fields": {
    "action_time": "2025-07-08T05:00:29.421Z",
    "user": [
      "root@gmail.com"
    ],
    "content_type": [
      "carts",
      "cart"
    ],
    "object_id": "4",
    "object_repr": "63vuv0y9ehfdygwg14fzdxal3aogjhhz",
    "action_flag": 3,
    "change_message": ""
  }
},
{
  "model": "admin.logentry",
  "pk": 353,
  "fields": {
    "action_time": "2025-07-08T05:00:29.421Z",
    "user": [
      "root@gmail.com"
    ],
    "content_type": [
      "carts",
      "cart"
    ],
    "object_id": "3",
    "object_repr": "ffpq1u2649xb8t6limzhwhnei13tnqlp",
    "action_flag": 3,
    "change_message": ""
  }
},
{
  "model": "admin.logentry",
  "pk": 354,
  "fields": {
    "action_time": "2025-07-08T05:00:29.421Z",
    "user": [
      "root@gmail.com"
    ],
    "content_type": [
      "carts",
      "cart"
    ],
    "object_id": "2",
    "object_repr": "kr24sdncubw97grhrg4gzbhtyml24obz",
    "action_flag": 3,
    "change_message": ""
  }
},
{
  "model": "admin.logentry",
  "pk": 355,
  "fields": {
    "action_time": "2025-07-08T05:00:29.421Z",
    "user": [
      "root@gmail.com"
    ],
    "content_type": [
      "carts",
      "cart"
    ],
    "object_id": "1",
    "object_repr": "hdhyml34ah2j566izmw56jmyg7d6lofq",
    "action_flag": 3,
    "change_message": ""
  }
},
{
  "model": "admin.logentry",
  "pk": 356,
  "fields": {
    "action_time": "2025-07-08T05:00:41.021Z",
    "user": [
      "root@gmail.com"
    ],
    "content_type": [
      "carts",
      "cartitem"
    ],
    "object_id": "83",
    "object_repr": "ATX Jeans",
    "action_flag": 3,
    "change_message": ""
  }
},
{
  "model": "admin.logentry",
  "pk": 357,
  "fields": {
    "action_time": "2025-07-08T05:00:41.021Z",
    "user": [
      "root@gmail.com"
    ],
    "content_type": [
      "carts",
      "cartitem"
    ],
    "object_id": "82",
    "object_repr": "ATX Jeans",
    "action_flag": 3,
    "change_message": ""
  }
},
{
  "model": "admin.logentry",
  "pk": 358,
  "fields": {
    "action_time": "2025-07-08T05:00:41.021Z",
    "user": [
      "root@gmail.com"
    ],
    "content_type": [
      "carts",
      "cartitem"
    ],
    "object_id": "63",
    "object_repr": "Mavi Jeans",
    "action_flag": 3,
    "change_message": ""
  }
},
{
  "model": "admin.logentry",
  "pk": 359,
  "fields": {
    "action_time": "2025-07-08T05:16:27.748Z",
    "user": [
      "root@gmail.com"
    ],
    "content_type": [
      "accounts",
      "useraddress"
    ],
    "object_id": "6",
    "object_repr": "Dhananjay Pratap Singh - Keshav Vihar Colony, Dhanipur, Aligarh, Aligarh",
    "action_flag": 3,
    "change_message": ""
  }
},
{
  "model": "admin.logentry",
  "pk": 360,
  "fields": {
    "action_time": "2025-07-08T05:28:32.424Z",
    "user": [
      "root@gmail.com"
    ],
    "content_type": [
      "accounts",
      "userprofile"
    ],
    "object_id": "8",
    "object_repr": "Dhananjay",
    "action_flag": 2,
    "change_message": "[{\"changed\": {\"fields\": [\"Profile picture\"]}}]"
  }
},
{
  "model": "admin.logentry",
  "pk": 361,
  "fields": {
    "action_time": "2025-07-08T05:28:46.924Z",
    "user": [
      "root@gmail.com"
    ],
    "content_type": [
      "accounts",
      "userprofile"
    ],
    "object_id": "8",
    "object_repr": "Dhananjay",
    "action_flag": 2,
    "change_message": "[{\"changed\": {\"fields\": [\"Profile picture\"]}}]"
  }
},
{
  "model": "admin.logentry",
  "pk": 362,
  "fields": {
    "action_time": "2025-07-08T05:30:22.715Z",
    "user": [
      "root@gmail.com"
    ],
    "content_type": [
      "accounts",
      "account"
    ],
    "object_id": "4",
    "object_repr": "root@gmail.com",
    "action_flag": 2,
    "change_message": "[{\"changed\": {\"fields\": [\"Is superuser\"]}}]"
  }
},
{
  "model": "admin.logentry",
  "pk": 363,
  "fields": {
    "action_time": "2025-07-08T06:25:21.611Z",
    "user": [
      "root@gmail.com"
    ],
    "content_type": [
      "accounts",
      "useraddress"
    ],
    "object_id": "8",
    "object_repr": "Jay - Keshav Vihar Colony, Aligarh",
    "action_flag": 1,
    "change_message": "[{\"added\": {}}]"
  }
},
{
  "model": "admin.logentry",
  "pk": 364,
  "fields": {
    "action_time": "2025-07-08T06:37:38.324Z",
    "user": [
      "root@gmail.com"
    ],
    "content_type": [
      "accounts",
      "useraddress"
    ],
    "object_id": "1",
    "object_repr": "Dhananjay Pratap Singh - Chitrakoot Sharma PG, Jaipur",
    "action_flag": 2,
    "change_message": "[{\"changed\": {\"fields\": [\"Address line 1\", \"Address line 2\", \"City\", \"State\", \"Postal code\"]}}]"
  }
},
{
  "model": "admin.logentry",
  "pk": 365,
  "fields": {
    "action_time": "2025-07-08T06:37:47.160Z",
    "user": [
      "root@gmail.com"
    ],
    "content_type": [
      "accounts",
      "useraddress"
    ],
    "object_id": "1",
    "object_repr": "Dhananjay Pratap Singh - Chitrakoot Sharma PG, Jaipur",
    "action_flag": 2,
    "change_message": "[{\"changed\": {\"fields\": [\"Postal code\"]}}]"
  }
},
{
  "model": "admin.logentry",
  "pk": 366,
  "fields": {
    "action_time": "2025-07-08T07:08:43.907Z",
    "user": [
      "root@gmail.com"
    ],
    "content_type": [
      "accounts",
      "useraddress"
    ],
    "object_id": "19",
    "object_repr": "Dhananjay Pratap Singh - Keshav Vihar Colony, Dhanipur, Aligarh, Aligarh",
    "action_flag": 3,
    "change_message": ""
  }
},
{
  "model": "admin.logentry",
  "pk": 367,
  "fields": {
    "action_time": "2025-07-08T07:08:43.907Z",
    "user": [
      "root@gmail.com"
    ],
    "content_type": [
      "accounts",
      "useraddress"
    ],
    "object_id": "18",
    "object_repr": "Dhananjay Pratap Singh - Keshav Vihar Colony, Dhanipur, Aligarh, Aligarh",
    "action_flag": 3,
    "change_message": ""
  }
},
{
  "model": "admin.logentry",
  "pk": 368,
  "fields": {
    "action_time": "2025-07-08T07:08:43.907Z",
    "user": [
      "root@gmail.com"
    ],
    "content_type": [
      "accounts",
      "useraddress"
    ],
    "object_id": "17",
    "object_repr": "Dhananjay Pratap Singh - Keshav Vihar Colony, Dhanipur, Aligarh, Aligarh",
    "action_flag": 3,
    "change_message": ""
  }
},
{
  "model": "admin.logentry",
  "pk": 369,
  "fields": {
    "action_time": "2025-07-08T07:08:43.907Z",
    "user": [
      "root@gmail.com"
    ],
    "content_type": [
      "accounts",
      "useraddress"
    ],
    "object_id": "16",
    "object_repr": "Dhananjay Pratap Singh - Keshav Vihar Colony, Dhanipur, Aligarh, Aligarh",
    "action_flag": 3,
    "change_message": ""
  }
},
{
  "model": "admin.logentry",
  "pk": 370,
  "fields": {
    "action_time": "2025-07-08T07:08:43.907Z",
    "user": [
      "root@gmail.com"
    ],
    "content_type": [
      "accounts",
      "useraddress"
    ],
    "object_id": "15",
    "object_repr": "Dhananjay Pratap Singh - Keshav Vihar Colony, Dhanipur, Aligarh, Aligarh",
    "action_flag": 3,
    "change_message": ""
  }
},
{
  "model": "admin.logentry",
  "pk": 371,
  "fields": {
    "action_time": "2025-07-08T07:08:43.907Z",
    "user": [
      "root@gmail.com"
    ],
    "content_type": [
      "accounts",
      "useraddress"
    ],
    "object_id": "14",
    "object_repr": "Dhananjay Pratap Singh - Keshav Vihar Colony, Dhanipur, Aligarh, Aligarh",
    "action_flag": 3,
    "change_message": ""
  }
},
{
  "model": "admin.logentry",
  "pk": 372,
  "fields": {
    "action_time": "2025-07-08T07:08:43.907Z",
    "user": [
      "root@gmail.com"
    ],
    "content_type": [
      "accounts",
      "useraddress"
    ],
    "object_id": "13",
    "object_repr": "Dhananjay Pratap Singh - Keshav Vihar Colony, Dhanipur, Aligarh, Aligarh",
    "action_flag": 3,
    "change_message": ""
  }
},
{
  "model": "admin.logentry",
  "pk": 373,
  "fields": {
    "action_time": "2025-07-08T07:08:43.907Z",
    "user": [
      "root@gmail.com"
    ],
    "content_type": [
      "accounts",
      "useraddress"
    ],
    "object_id": "12",
    "object_repr": "Dhananjay Pratap Singh - Keshav Vihar Colony, Dhanipur, Aligarh, Aligarh",
    "action_flag": 3,
    "change_message": ""
  }
},
{
  "model": "admin.logentry",
  "pk": 374,
  "fields": {
    "action_time": "2025-07-08T07:08:43.907Z",
    "user": [
      "root@gmail.com"
    ],
    "content_type": [
      "accounts",
      "useraddress"
    ],
    "object_id": "11",
    "object_repr": "Dhananjay Pratap Singh - Keshav Vihar Colony, Dhanipur, Aligarh, Aligarh",
    "action_flag": 3,
    "change_message": ""
  }
},
{
  "model": "admin.logentry",
  "pk": 375,
  "fields": {
    "action_time": "2025-07-08T07:08:43.907Z",
    "user": [
      "root@gmail.com"
    ],
    "content_type": [
      "accounts",
      "useraddress"
    ],
    "object_id": "10",
    "object_repr": "Dhananjay Pratap Singh - Keshav Vihar Colony, Dhanipur, Aligarh, Aligarh",
    "action_flag": 3,
    "change_message": ""
  }
},
{
  "model": "admin.logentry",
  "pk": 376,
  "fields": {
    "action_time": "2025-07-08T08:50:00.973Z",
    "user": [
      "root@gmail.com"
    ],
    "content_type": [
      "accounts",
      "useraddress"
    ],
    "object_id": "29",
    "object_repr": "Dhananjay Pratap Singh - Chitrakoot Sharma PG, Jaipur",
    "action_flag": 2,
    "change_message": "[{\"changed\": {\"fields\": [\"Is default\"]}}]"
  }
},
{
  "model": "admin.logentry",
  "pk": 377,
  "fields": {
    "action_time": "2025-07-08T08:50:17.685Z",
    "user": [
      "root@gmail.com"
    ],
    "content_type": [
      "accounts",
      "useraddress"
    ],
    "object_id": "27",
    "object_repr": "Dhananjay Pratap Singh - Keshav Vihar Colony, Dhanipur, Aligarh, Aligarh",
    "action_flag": 2,
    "change_message": "[{\"changed\": {\"fields\": [\"Is default\"]}}]"
  }
},
{
  "model": "admin.logentry",
  "pk": 378,
  "fields": {
    "action_time": "2025-07-08T08:50:22.752Z",
    "user": [
      "root@gmail.com"
    ],
    "content_type": [
      "accounts",
      "useraddress"
    ],
    "object_id": "29",
    "object_repr": "Dhananjay Pratap Singh - Chitrakoot Sharma PG, Jaipur",
    "action_flag": 2,
    "change_message": "[]"
  }
},
{
  "model": "admin.logentry",
  "pk": 379,
  "fields": {
    "action_time": "2025-07-08T09:16:27.784Z",
    "user": [
      "root@gmail.com"
    ],
    "content_type": [
      "accounts",
      "useraddress"
    ],
    "object_id": "29",
    "object_repr": "Dhananjay Pratap Singh - Chitrakoot Sharma PG, Jaipur",
    "action_flag": 2,
    "change_message": "[{\"changed\": {\"fields\": [\"Is default\"]}}]"
  }
},
{
  "model": "admin.logentry",
  "pk": 380,
  "fields": {
    "action_time": "2025-07-08T09:21:13.486Z",
    "user": [
      "root@gmail.com"
    ],
    "content_type": [
      "accounts",
      "useraddress"
    ],
    "object_id": "30",
    "object_repr": "Madhav - RBS College, Agra",
    "action_flag": 2,
    "change_message": "[{\"changed\": {\"fields\": [\"Is default\"]}}]"
  }
}
]
